8\xffX axis acceleration,Y axis acceleration,Bicep signal,Shoulder signal,Tricep signal,Forearm signal
537,433,139,139,106,553
530,430,157,133,103,550
519,406,193,135,110,531
524,395,195,115,120,477
514,381,159,107,117,455
504,387,117,134,130,437
491,383,84,130,121,463
483,395,102,150,118,382
472,405,85,155,115,394
476,411,71,207,127,364
484,410,60,207,108,322
495,400,53,214,113,399
497,435,73,224,121,393
490,443,83,202,102,409
489,453,73,196,86,401
493,462,103,179,76,493
500,484,148,196,73,483
507,510,140,171,70,482
510,513,153,191,60,473
504,474,122,199,66,490
503,437,109,179,58,486
512,424,120,177,51,371
511,413,164,197,57,331
508,396,215,196,56,334
512,380,228,201,74,359
507,365,206,189,96,374
501,356,204,192,96,431
498,366,204,188,109,411
494,385,164,181,121,331
487,378,135,176,127,362
487,382,118,165,127,355
492,415,110,144,110,336
510,429,109,160,103,378
509,452,102,162,85,356
539,443,117,163,79,367
527,493,144,175,78,489
540,505,110,186,70,455
568,523,101,188,90,451
560,555,177,150,78,380
576,538,186,161,97,434
587,511,218,146,88,387
579,490,220,136,101,490
565,453,208,143,89,507
564,417,190,146,94,498
553,389,147,161,101,428
534,369,133,169,109,485
522,389,125,157,111,429
505,384,117,152,127,359
484,399,92,169,134,415
473,420,69,178,120,392
466,397,65,199,134,360
458,420,66,182,111,408
477,438,57,177,96,377
474,483,65,179,101,393
476,484,56,199,105,346
488,506,102,177,89,336
492,538,114,183,75,472
501,591,130,170,88,424
490,577,107,159,79,464
499,537,122,162,107,455
487,466,146,166,108,392
494,439,129,166,91,420
483,432,171,185,97,375
489,407,232,159,101,309
494,388,240,189,98,326
492,374,216,163,79,416
503,362,173,149,64,395
496,362,177,133,56,406
512,376,139,143,57,367
516,405,161,133,52,406
521,426,163,123,63,416
529,426,136,127,78,365
554,450,101,126,91,378
563,473,110,124,112,400
579,488,109,142,119,353
580,501,98,129,131,339
571,496,106,143,108,366
573,490,131,125,117,317
593,488,153,121,129,430
559,489,190,140,141,440
543,463,154,128,150,504
539,447,161,131,167,519
507,446,150,126,174,435
488,439,142,123,169,423
469,437,128,153,169,412
458,428,106,150,147,442
450,433,88,128,122,369
461,423,77,139,105,344
466,442,109,123,78,379
486,449,84,112,65,360
494,461,111,117,58,337
500,481,102,100,55,348
515,490,90,113,48,336
522,489,87,99,48,286
522,480,89,98,47,272
534,478,76,81,51,343
544,474,76,83,48,430
549,466,100,100,57,390
554,455,110,88,51,418
552,450,111,100,50,421
560,448,112,104,52,372
556,447,142,124,68,326
549,445,102,122,87,385
540,444,104,151,87,354
540,430,114,151,93,309
530,422,117,140,84,298
518,419,116,134,78,362
517,427,101,169,92,322
507,417,134,169,96,328
506,418,138,173,80,345
501,425,114,157,95,315
508,434,120,163,97,267
505,436,99,143,101,314
501,426,104,150,99,358
502,434,107,138,102,361
509,442,115,172,110,396
516,429,114,180,121,355
504,429,115,192,120,358
504,425,139,172,131,393
506,426,147,147,120,329
509,419,131,127,115,335
516,409,118,112,107,295
532,408,119,97,97,303
532,426,95,103,92,314
547,449,103,122,81,360
543,466,134,103,78,427
558,473,125,121,74,438
553,491,129,137,57,540
557,506,148,141,69,533
561,500,127,138,66,559
555,474,93,119,59,489
553,445,87,132,57,476
536,441,86,126,57,403
534,439,117,135,68,443
514,432,145,119,73,426
495,411,106,131,63,364
470,399,86,127,81,315
448,414,72,129,111,312
431,432,121,149,133,308
426,423,121,189,126,270
427,423,115,181,109,209
428,436,113,156,89,168
435,477,110,151,96,188
449,516,137,144,117,206
469,505,143,122,114,217
446,528,182,126,118,238
470,532,212,118,112,293
496,548,201,144,109,291
510,544,167,126,99,353
543,514,159,153,97,416
559,512,144,171,110,477
561,467,134,155,93,436
543,426,127,168,87,405
531,402,211,156,90,441
526,364,233,143,85,384
511,332,181,137,78,352
492,332,194,124,61,337
497,375,222,112,49,377
490,379,265,105,44,445
495,383,242,104,39,434
512,384,259,101,38,480
526,405,214,94,40,446
543,421,318,113,54,417
569,448,271,107,57,427
590,531,234,120,63,418
576,551,210,128,59,451
578,525,162,168,79,404
574,493,124,186,108,412
553,484,120,190,131,450
545,505,102,192,120,365
536,519,144,164,111,337
529,511,183,151,109,347
524,500,154,140,114,354
521,438,158,159,136,518
509,427,145,151,131,543
509,416,171,141,120,524
478,392,200,167,119,480
461,378,164,171,107,462
454,382,130,160,83,434
451,407,92,170,78,534
453,421,68,177,102,451
455,397,56,164,97,364
441,431,49,171,93,410
469,435,45,171,94,394
477,450,55,169,97,320
455,483,74,210,90,272
462,533,92,196,116,344
472,536,68,182,100,338
483,511,75,162,98,257
483,522,101,177,104,272
493,509,116,166,96,245
498,516,155,158,92,313
509,517,204,168,86,319
535,545,252,158,74,354
545,520,186,165,73,634
551,466,140,178,82,623
535,432,169,192,79,610
533,394,141,206,78,569
525,369,156,235,80,598
517,362,149,212,72,546
512,371,178,190,63,588
496,373,198,164,60,543
489,384,203,154,55,466
488,400,184,125,46,480
494,398,219,113,47,445
506,397,198,107,57,438
512,431,170,141,56,507
523,486,169,176,85,448
532,466,157,213,109,403
515,462,139,257,131,334
528,494,107,260,139,452
539,520,135,268,138,408
529,526,103,238,116,526
551,528,156,203,98,447
540,539,141,193,108,425
557,512,235,187,90,544
539,497,212,156,73,551
541,469,242,151,65,486
517,433,205,145,63,455
488,405,231,153,70,433
463,381,247,169,104,353
455,394,181,143,99,344
453,406,151,142,84,545
437,379,121,210,133,445
448,392,96,226,125,445
454,444,71,256,155,405
453,455,73,253,156,381
443,461,57,207,177,299
471,467,85,216,176,398
460,475,137,245,175,338
479,491,196,208,145,458
479,504,247,181,123,420
494,508,240,173,93,396
504,524,217,167,86,374
498,520,189,181,114,354
505,508,276,200,105,397
515,482,231,214,116,373
537,454,204,173,100,463
528,460,221,188,101,446
514,407,185,185,91,497
501,379,177,150,74,479
510,359,208,152,90,483
509,340,188,139,92,440
505,373,149,129,111,381
517,414,183,125,102,411
530,453,237,108,108,426
536,469,168,108,113,386
539,457,145,110,131,358
537,481,107,142,146,316
539,521,89,175,165,295
533,534,74,228,193,360
522,509,105,199,185,342
512,516,111,227,209,380
512,500,200,189,194,386
512,484,196,166,158,364
538,436,293,154,147,409
538,445,306,132,146,546
545,444,300,163,143,537
540,448,236,143,122,562
542,426,288,145,97,489
510,408,222,147,83,494
502,425,183,135,74,441
494,450,182,128,71,499
485,436,179,146,93,451
469,399,140,148,87,352
467,381,112,150,88,312
456,439,82,150,111,294
460,463,73,154,167,226
462,481,107,168,209,322
462,506,115,198,256,319
468,529,156,191,238,329
479,548,128,207,251,321
474,535,195,196,250,293
481,502,197,178,215,334
490,474,202,168,189,400
504,436,190,172,168,342
522,421,192,163,142,428
523,421,248,167,122,387
527,405,260,142,108,432
533,393,245,140,87,410
550,410,196,126,79,341
552,429,168,106,85,356
556,452,140,127,77,323
570,470,116,137,91,304
562,465,128,155,97,382
556,501,102,187,112,435
554,503,85,188,99,342
546,478,71,209,107,294
525,490,68,193,132,398
522,497,80,203,138,364
506,498,78,191,136,285
489,494,66,196,156,286
469,514,84,205,159,303
465,503,88,222,152,306
460,483,87,206,157,230
431,471,83,225,146,233
425,475,91,206,119,313
430,451,99,182,105,352
434,457,97,156,92,351
452,436,175,152,101,389
497,422,192,139,93,403
526,451,207,148,95,457
554,495,243,121,84,566
583,467,274,124,99,504
605,445,300,142,91,473
623,450,293,179,85,575
612,438,220,167,83,577
576,410,231,143,91,503
558,386,221,158,99,463
518,385,192,141,104,384
475,421,202,150,142,471
473,440,198,164,169,374
450,432,199,195,169,377
434,440,221,250,181,387
448,448,214,258,246,303
446,485,170,257,331,314
459,535,151,259,385,303
485,529,170,252,407,353
494,485,187,246,444,348
483,474,192,219,430,385
508,473,201,195,390,432
543,451,196,184,357,418
538,459,210,174,309,387
555,451,246,173,292,473
566,422,313,160,253,518
587,434,304,140,231,403
581,441,261,158,226,385
584,436,233,169,225,339
565,469,188,227,237,368
564,511,138,219,237,334
540,487,105,191,241,295
509,496,93,177,208,307
500,501,87,152,190,236
487,508,78,158,164,351
470,512,129,247,160,291
465,491,129,236,156,262
452,510,143,217,140,308
454,489,186,196,129,439
446,449,259,215,117,401
457,437,233,174,98,389
464,408,287,170,101,331
469,389,373,154,86,337
520,424,370,123,70,385
538,416,446,107,77,477
559,413,470,98,70,570
593,437,382,79,63,590
610,432,338,84,68,585
591,407,294,119,91,583
569,382,300,135,95,469
543,371,268,132,106,446
501,402,254,163,120,345
493,420,214,169,112,393
472,418,159,209,115,368
439,463,145,209,166,328
486,455,175,224,195,302
439,493,136,212,196,274
450,524,161,214,224,273
472,517,223,201,215,285
471,534,211,274,201,281
474,528,186,235,161,318
506,534,168,209,128,334
500,500,137,207,115,441
524,459,173,201,94,476
520,426,180,190,78,428
533,383,174,183,72,476
535,373,223,190,65,398
549,361,234,194,75,372
551,379,195,168,69,437
555,407,206,157,71,456
567,430,199,124,83,427
572,440,188,120,97,478
579,439,151,116,109,419
598,446,145,114,131,507
568,467,127,154,119,579
567,495,107,158,133,503
540,504,75,167,145,440
521,492,63,200,138,424
499,487,62,200,130,360
488,514,55,174,144,373
469,529,53,178,140,423
455,497,71,188,146,345
445,477,99,183,133,415
441,459,148,155,137,431
445,444,177,144,129,419
448,416,251,141,120,411
461,373,380,131,115,361
467,362,446,122,103,510
511,413,342,109,95,502
524,434,325,111,98,597
546,402,303,107,85,516
553,379,269,119,74,563
558,383,206,132,82,475
521,433,157,136,90,454
520,431,116,138,96,435
510,397,96,137,103,352
478,399,86,145,160,306
492,409,67,189,158,303
460,452,69,206,153,272
465,466,89,189,136,394
459,469,104,224,132,390
452,476,150,218,154,470
468,471,189,191,163,430
472,505,142,161,137,391
474,490,158,152,140,378
464,492,160,140,115,331
470,468,152,170,97,372
510,459,156,185,89,410
509,430,142,216,74,403
519,411,159,190,62,380
539,386,160,176,65,331
564,379,183,153,83,284
564,416,239,149,73,310
579,451,200,124,91,291
582,469,234,115,102,329
590,471,234,127,120,338
572,448,204,161,139,324
575,461,164,141,162,312
561,480,142,150,163,270
549,470,141,147,136,233
528,487,140,136,144,318
512,487,160,146,139,263
500,483,142,189,140,240
472,485,163,189,144,267
467,475,156,223,145,275
447,452,156,193,145,303
434,429,172,161,157,377
419,418,184,131,148,393
424,423,323,135,142,477
441,411,391,142,123,503
454,398,338,141,120,402
476,392,299,148,120,398
516,408,275,144,113,410
510,460,288,116,105,433
573,452,286,115,95,416
623,472,249,105,89,554
638,489,233,98,79,645
600,505,243,107,66,642
626,496,203,104,81,552
603,470,157,131,84,602
572,460,119,144,71,480
538,462,100,130,75,396
468,485,75,145,90,417
466,480,73,178,99,336
445,460,75,207,102,363
421,491,64,226,116,434
429,493,63,185,114,367
402,485,52,174,125,320
401,490,72,148,112,354
406,517,155,151,99,329
426,492,121,135,88,411
425,479,110,158,90,394
444,460,96,166,80,340
446,480,105,137,75,394
478,470,87,143,68,346
482,487,80,139,58,321
510,484,100,115,48,334
543,495,170,134,52,411
566,464,243,126,52,445
594,462,231,112,54,438
607,417,215,111,52,368
623,433,238,113,52,350
628,470,183,115,55,401
624,482,152,101,49,401
628,445,155,95,50,372
611,435,192,99,53,339
587,440,153,90,69,353
580,461,157,100,82,397
558,466,135,93,98,342
538,442,130,94,110,359
513,437,124,109,105,338
500,447,116,134,93,342
487,455,117,140,98,266
469,460,131,123,102,258
464,464,115,157,89,315
456,465,120,185,88,302
453,459,111,197,98,296
444,479,110,173,102,359
451,469,90,169,91,334
448,472,76,197,82,436
452,476,63,198,88,338
456,475,68,197,94,315
459,470,69,181,97,298
455,463,67,146,85,297
462,456,55,150,74,280
470,455,62,171,68,246
477,447,65,146,66,244
485,442,82,145,55,244
496,452,85,138,57,290
511,446,98,136,51,274
536,450,88,130,53,378
551,458,69,113,62,398
556,474,159,108,59,438
574,489,185,93,61,427
581,501,205,85,59,461
583,483,213,77,71,395
573,464,162,76,63,333
550,456,146,78,67,326
543,450,118,68,74,296
528,437,146,85,77,256
519,424,156,83,71,344
501,433,143,129,104,375
498,448,117,158,110,385
485,440,101,147,105,372
473,434,78,136,83,382
467,437,63,126,81,401
475,433,75,142,86,347
484,420,81,160,108,300
468,418,84,152,127,266
493,464,70,160,152,312
506,432,87,194,158,302
482,475,98,190,153,281
500,481,137,186,142,280
506,497,119,165,122,334
504,504,133,156,93,312
492,525,165,145,119,360
511,511,142,145,105,329
517,496,160,134,112,371
503,495,190,137,103,320
497,472,212,167,95,396
497,458,167,177,90,412
495,446,163,161,73,407
504,435,153,174,76,419
488,391,182,152,62,470
501,391,236,150,53,642
518,405,238,149,67,662
518,418,188,157,77,595
529,429,187,158,98,541
538,404,145,127,101,501
554,410,145,127,105,443
561,430,152,101,105,405
560,429,147,94,95,329
573,407,152,88,87,243
583,421,157,79,71,247
590,455,141,81,69,358
579,492,120,82,81,361
579,511,140,97,81,346
561,518,142,136,88,347
556,518,137,168,81,357
551,505,156,181,81,293
510,525,128,215,83,311
512,500,118,198,76,339
476,504,97,218,90,343
461,492,80,206,94,436
448,486,91,214,115,381
426,465,80,236,145,356
411,453,253,261,133,356
403,410,260,252,131,339
419,412,211,213,115,422
446,408,220,180,111,396
463,420,183,186,114,393
489,424,212,181,141,383
497,431,223,184,134,375
517,425,261,156,123,338
542,431,199,136,106,369
534,433,243,124,97,330
560,458,204,119,84,293
572,474,190,146,67,281
576,449,229,152,70,328
568,467,174,165,64,283
575,475,143,179,65,281
558,500,155,210,56,264
555,496,152,217,61,299
550,487,143,219,59,255
533,499,158,225,50,261
530,512,132,209,63,286
521,518,131,201,70,287
506,527,137,202,68,263
493,517,130,192,69,264
481,507,124,189,57,267
464,498,167,177,72,325
443,458,146,172,68,296
423,440,253,162,61,351
417,416,247,169,58,393
429,408,182,157,56,362
429,393,169,148,43,384
451,400,130,129,43,392
459,385,170,132,54,371
475,393,158,108,51,376
499,400,219,102,47,306
527,401,198,87,43,321
535,416,234,78,40,308
567,433,221,76,36,390
574,446,227,83,44,392
578,454,185,73,71,386
577,469,149,71,97,388
583,476,141,70,152,368
585,508,163,87,177,402
571,517,167,104,193,364
570,501,133,107,173,280
550,475,122,134,172,214
526,463,125,151,128,241
523,480,119,169,107,259
509,497,125,184,101,237
501,491,119,203,101,261
478,484,103,183,80,280
471,480,95,181,91,296
456,457,195,158,80,287
436,446,202,182,70,334
434,432,208,166,68,399
427,399,223,172,67,430
428,400,195,165,72,390
437,395,188,185,76,341
460,399,251,164,102,426
483,406,243,134,105,414
504,411,280,124,104,376
534,426,243,126,106,326
575,422,317,119,100,307
594,435,285,101,90,310
599,459,258,87,97,353
607,470,222,100,80,287
580,470,174,80,73,287
548,472,183,90,82,289
547,499,168,88,70,302
540,490,144,128,96,299
528,484,149,152,97,308
504,513,145,190,88,248
510,532,151,202,96,323
490,548,137,206,106,324
491,548,129,224,117,312
468,533,129,197,93,378
468,500,119,170,88,493
468,462,223,153,79,517
462,416,332,144,77,569
462,388,389,155,76,662
475,380,361,135,71,643
479,371,264,140,67,528
469,360,190,162,75,546
479,374,142,139,75,514
485,414,114,189,103,445
482,424,91,201,131,542
472,453,81,248,122,465
476,464,142,255,118,361
460,469,111,258,125,319
436,516,85,262,114,274
471,522,166,219,133,274
481,554,171,181,123,249
482,554,242,163,106,233
497,547,268,142,83,236
531,561,249,115,67,318
532,537,241,107,62,324
554,513,251,97,56,345
586,513,211,96,64,413
591,474,219,99,65,568
602,455,190,96,58,640
605,441,216,96,54,602
606,405,189,89,54,639
598,385,205,104,55,568
577,373,246,148,71,540
567,387,252,150,66,512
515,421,232,155,76,523
511,424,186,189,73,494
475,417,143,191,87,427
458,413,122,198,104,400
461,435,165,238,103,462
449,449,169,254,127,448
457,455,148,262,114,353
448,488,118,270,140,447
441,499,106,288,182,361
437,517,98,275,165,375
459,519,82,224,134,499
475,525,170,188,114,445
484,535,157,159,90,437
520,526,265,143,99,568
556,511,249,131,98,527
563,508,304,132,106,462
583,496,265,152,108,470
600,487,241,140,106,414
608,444,264,129,88,393
600,404,242,134,83,446
581,400,239,153,78,459
568,400,184,121,65,379
531,399,164,146,86,400
516,414,131,178,82,360
489,421,119,184,79,316
461,404,130,192,91,270
450,420,109,206,100,259
456,437,105,200,107,218
442,447,98,224,142,192
440,480,116,218,198,213
443,513,84,250,208,192
438,554,74,223,212,223
443,559,90,194,196,222
444,562,86,173,156,298
470,562,190,165,140,383
483,558,265,154,122,517
518,533,302,146,105,409
532,521,356,140,95,375
550,513,338,118,95,453
567,496,348,129,89,406
580,501,305,112,86,456
587,473,344,144,71,450
584,448,294,142,78,413
589,417,248,132,103,401
587,411,212,133,89,450
584,403,199,129,73,472
591,403,194,147,85,604
563,434,174,138,73,541
546,418,153,133,62,448
537,409,134,179,77,349
513,444,113,186,94,362
501,463,95,189,92,301
499,440,79,194,88,245
467,444,96,199,87,320
448,459,98,191,91,393
483,469,87,205,107,382
479,478,123,212,124,360
479,482,169,206,122,273
442,510,183,194,111,298
472,557,204,152,117,298
474,564,197,140,104,301
480,551,226,154,103,271
505,543,200,140,94,344
531,498,154,112,83,380
565,482,236,111,74,356
559,468,247,104,66,377
566,449,223,99,64,481
592,448,211,90,59,445
594,419,172,97,66,432
581,404,174,128,81,497
568,392,180,125,66,578
566,390,176,184,80,565
549,404,162,180,67,506
518,410,155,173,75,514
506,413,139,153,65,414
485,408,145,155,92,341
474,414,124,156,93,271
467,449,94,136,92,277
472,469,147,124,89,230
481,472,167,163,84,268
479,516,159,147,92,253
489,549,316,164,85,276
521,563,249,135,94,301
517,599,215,123,119,298
513,589,176,145,127,372
513,542,174,176,146,458
513,503,174,153,128,445
507,476,245,188,122,610
503,435,202,199,122,471
474,451,188,213,121,528
497,432,207,189,123,430
478,425,206,192,132,424
485,422,248,189,112,579
495,389,213,161,97,484
500,397,242,164,94,437
512,400,210,137,78,391
523,400,200,125,69,320
539,409,286,133,69,485
561,441,320,113,74,403
568,449,462,122,67,345
563,446,379,103,69,394
583,473,324,103,55,327
572,488,251,120,58,429
566,484,213,171,72,346
566,483,172,165,69,330
557,485,151,146,73,274
543,493,144,171,74,336
543,499,151,174,81,318
518,514,152,148,99,335
521,528,176,162,104,366
507,518,149,152,113,364
490,533,195,142,119,355
485,510,183,130,136,407
475,463,222,141,134,579
450,417,206,151,147,612
450,385,331,143,147,571
440,346,587,149,136,645
441,377,772,164,127,702
457,405,592,198,124,624
453,397,432,214,161,444
458,372,327,184,146,378
468,423,240,196,131,424
483,467,171,212,132,418
486,472,131,204,115,379
471,474,124,174,127,433
478,486,137,186,110,574
490,505,160,165,109,627
509,501,184,143,113,553
505,523,207,151,113,548
532,496,237,147,89,446
525,517,243,149,77,471
543,507,202,137,80,508
554,498,260,133,79,625
572,484,289,119,93,664
575,467,243,132,89,663
579,421,214,134,83,622
568,431,224,137,106,706
556,410,191,128,107,673
527,382,190,135,125,560
518,356,177,135,127,527
508,358,213,132,119,520
499,383,290,115,121,418
509,403,275,101,112,430
531,420,239,86,93,373
542,466,265,84,93,496
549,495,219,85,99,422
550,514,231,90,119,489
537,522,216,106,129,583
534,523,177,107,134,495
535,518,181,136,114,490
518,513,168,155,118,496
507,507,139,219,119,408
513,505,149,186,109,439
487,511,153,153,117,458
499,499,170,136,121,435
494,461,194,125,109,662
499,412,205,147,104,576
496,380,208,126,107,606
499,369,302,121,107,566
473,389,228,138,96,472
487,386,175,156,102,529
484,401,147,167,121,462
480,413,178,215,149,482
468,466,161,227,135,534
470,466,142,285,149,448
482,449,112,296,156,417
435,488,81,244,121,341
480,492,106,201,104,285
491,496,158,159,91,291
487,523,200,142,82,306
513,541,194,120,66,266
518,522,233,115,59,301
529,520,217,114,56,397
537,503,231,148,84,446
547,473,246,144,82,572
533,474,252,168,95,584
544,440,243,167,77,683
537,396,200,171,65,636
557,376,188,163,60,640
550,390,217,154,51,619
565,404,229,145,53,513
562,391,255,120,51,431
556,381,278,107,50,370
564,433,207,87,49,410
569,470,201,80,44,357
565,458,224,96,47,360
563,458,211,102,41,389
566,495,170,108,50,464
580,516,142,129,62,454
566,500,120,128,69,500
560,480,97,169,82,398
555,484,113,174,98,391
542,485,98,194,100,407
542,489,108,211,97,412
526,498,119,230,101,445
499,504,142,304,111,401
490,472,144,318,103,388
470,455,172,283,106,489
469,436,183,239,86,493
449,419,257,209,74,500
448,399,296,190,68,449
464,392,270,179,70,523
460,396,276,152,69,427
476,392,334,157,69,538
482,394,264,147,78,446
496,431,262,147,81,500
514,467,256,116,63,578
529,449,231,111,55,615
545,425,182,99,53,515
555,429,195,103,65,523
544,431,163,88,81,427
564,454,123,92,90,413
577,460,146,100,131,320
562,476,207,106,127,340
559,508,169,131,118,383
571,504,152,146,131,412
549,521,150,159,133,312
533,524,178,181,127,384
520,533,148,217,108,395
502,506,151,238,117,507
491,510,154,259,132,525
457,521,126,299,151,521
450,500,124,325,127,517
426,474,200,280,100,502
422,448,279,214,79,465
442,406,253,176,74,463
443,383,362,179,74,442
479,419,339,156,62,519
499,386,288,142,66,562
507,436,318,146,73,565
526,445,287,132,73,727
535,418,214,122,76,687
541,418,185,135,78,595
541,422,170,136,111,564
511,432,136,159,153,618
492,425,117,186,186,672
464,428,97,244,157,611
467,452,71,257,143,502
457,456,66,240,145,479
456,496,56,220,138,447
475,503,83,202,118,361
464,525,68,179,111,375
498,505,116,161,121,390
495,515,110,143,103,344
528,506,213,147,99,496
537,490,338,169,103,402
561,525,339,138,90,494
586,509,345,168,87,421
578,483,345,167,71,355
596,495,304,160,60,584
597,474,289,145,55,476
604,431,261,164,63,513
581,416,290,139,76,540
592,422,229,151,83,637
582,396,232,144,104,540
565,385,212,165,106,519
549,398,197,188,127,422
530,404,205,188,110,442
502,427,207,176,108,383
495,424,268,217,107,365
485,399,261,202,100,397
462,424,255,227,113,415
466,442,268,273,138,368
466,443,228,333,181,329
453,473,219,327,226,391
466,476,216,281,248,345
460,495,181,261,227,418
472,494,199,233,204,361
463,498,162,202,163,287
476,505,154,184,165,322
507,522,196,169,146,380
517,496,247,149,114,327
530,460,218,158,94,336
553,453,233,141,85,342
556,463,184,113,71,396
580,463,213,115,61,436
587,456,240,122,54,450
581,421,188,115,49,463
572,409,187,109,46,483
567,418,206,124,49,473
551,413,193,135,51,410
533,403,175,148,69,383
530,400,160,143,83,377
511,391,160,157,84,381
496,414,167,171,89,467
505,432,176,174,84,388
488,425,175,241,77,307
503,398,159,255,97,306
507,428,153,241,109,319
462,469,114,230,96,353
488,468,95,213,106,295
488,475,105,208,99,306
466,484,125,182,83,355
491,469,162,152,78,349
492,458,205,127,75,305
504,485,263,117,76,286
532,496,281,143,81,353
561,504,244,147,100,317
546,515,231,145,96,283
555,521,177,149,101,310
543,494,165,159,118,328
523,473,174,167,124,321
515,476,169,181,136,305
493,467,152,284,139,411
494,453,137,313,163,364
476,435,149,314,169,348
482,438,147,352,173,406
475,422,157,405,177,400
460,443,194,349,161,428
488,445,169,363,133,438
473,443,187,338,125,414
471,444,197,281,104,548
475,456,216,267,91,462
484,449,203,249,85,411
498,430,208,213,75,444
496,441,161,179,63,425
513,436,153,193,53,371
521,447,189,186,54,335
532,461,179,146,50,331
529,481,135,144,43,310
549,478,166,139,43,364
542,482,166,124,53,380
532,481,161,126,71,365
549,490,153,152,95,337
548,502,146,159,99,278
546,493,128,162,97,283
537,499,122,208,118,361
554,525,127,198,115,425
528,516,125,251,101,395
518,515,128,252,92,435
518,507,119,233,93,407
519,477,193,195,93,437
507,453,278,165,87,524
499,418,290,140,76,550
471,380,302,169,94,549
456,400,216,150,82,580
454,391,277,167,79,524
457,359,288,170,97,529
450,362,232,197,98,446
459,392,185,221,94,373
471,416,133,194,79,428
474,430,102,180,87,327
478,428,75,164,99,305
492,422,76,142,114,249
496,461,145,139,129,288
525,465,206,137,145,327
514,501,297,173,155,263
527,515,403,197,148,333
546,590,332,167,132,331
553,581,273,180,107,373
569,534,248,184,104,456
572,477,290,178,78,463
556,481,245,174,76,696
552,455,309,156,68,764
545,418,297,172,90,650
532,382,270,176,92,562
525,392,323,168,93,579
501,384,326,159,88,493
494,379,294,142,91,592
493,386,307,130,87,480
490,384,320,128,80,386
502,387,268,100,65,360
504,420,314,83,58,426
529,434,331,100,60,352
533,457,285,102,74,325
529,478,290,97,102,305
542,505,270,101,107,430
532,508,252,122,149,364
537,500,241,154,138,362
536,496,232,169,124,403
525,503,188,170,117,461
523,501,187,168,119,429
518,477,175,169,121,347
522,470,172,175,143,350
492,486,166,232,137,438
485,460,187,220,133,514
468,441,202,233,128,475
475,419,224,243,124,494
457,405,258,222,111,492
460,415,297,192,85,502
463,427,283,180,77,433
483,426,277,151,66,443
482,424,232,132,55,466
497,425,276,139,58,440
505,441,292,151,52,425
514,435,272,146,58,410
516,439,255,125,76,411
540,465,203,130,82,467
543,461,173,126,113,360
539,476,132,143,129,418
546,486,102,151,149,314
544,476,92,173,155,301
530,482,95,171,166,309
531,483,88,162,179,315
521,522,115,193,200,341
507,530,106,204,196,401
515,506,96,229,203,345
504,510,86,205,169,337
477,498,92,197,154,309
497,464,163,174,148,524
485,451,241,176,141,534
479,421,272,144,118,562
481,427,207,127,93,589
469,399,234,139,102,645
483,415,225,128,94,552
482,393,210,133,97,458
486,371,176,135,116,453
489,400,143,142,123,372
494,409,143,148,119,404
499,416,119,129,134,431
505,411,112,191,108,399
503,430,138,231,125,403
510,428,130,171,142,387
498,461,121,171,127,317
516,473,138,195,118,364
490,506,215,180,152,391
507,511,247,151,131,414
518,537,266,174,115,480
511,562,227,179,95,405
511,535,178,187,118,436
512,495,156,170,107,353
497,461,165,148,100,365
484,455,131,160,85,415
488,444,158,157,71,418
487,404,162,153,76,343
483,396,223,133,72,335
504,399,254,142,86,374
502,405,223,148,92,309
519,418,290,128,113,436
537,435,231,106,102,501
556,439,183,93,98,500
573,453,269,152,114,441
587,471,261,126,100,350
594,474,260,116,91,370
587,470,230,112,89,317
584,458,165,136,85,275
569,460,135,112,85,280
541,467,107,115,118,369
534,469,125,105,102,371
506,461,99,182,109,364
505,451,87,210,116,311
476,491,115,224,121,308
465,494,99,215,129,310
448,510,83,281,174,371
441,499,96,369,214,333
418,511,90,367,169,346
404,506,82,341,182,322
428,497,148,374,174,449
420,495,164,304,145,382
440,478,140,261,119,352
451,471,112,247,108,431
463,466,98,205,87,421
475,453,115,175,67,357
500,464,255,154,60,350
512,470,247,152,51,406
547,470,355,142,54,400
573,476,360,135,45,458
592,474,335,114,40,435
608,494,307,103,44,351
605,492,260,93,53,385
605,480,208,81,51,413
585,461,206,80,57,355
572,442,183,88,52,418
549,449,166,95,68,353
542,462,162,133,90,391
528,462,147,123,97,420
505,462,165,157,95,443
486,472,170,207,102,416
468,469,145,176,98,435
454,475,146,217,116,380
446,480,155,270,146,379
439,494,152,272,154,366
437,507,163,258,123,571
442,503,187,281,129,779
449,480,275,276,128,686
446,468,250,261,124,690
457,459,209,251,128,590
470,445,182,251,131,498
476,447,151,242,138,428
490,452,157,194,132,474
503,464,197,181,131,508
533,441,192,141,132,471
522,461,182,148,130,505
557,448,194,127,120,521
560,470,266,132,124,497
602,466,222,115,113,444
606,497,222,109,105,371
604,507,208,102,107,390
612,498,178,90,106,354
605,480,169,99,90,328
581,467,151,93,81,342
575,456,163,86,73,362
563,463,164,81,69,359
543,465,164,78,73,371
512,465,170,69,67,415
511,462,156,111,91,412
491,457,141,115,97,345
470,458,130,133,114,339
455,465,120,164,124,453
463,506,155,172,130,425
452,509,168,206,105,444
460,493,161,175,123,491
440,499,131,164,133,533
464,493,117,173,140,523
475,487,105,136,163,456
480,480,152,123,167,408
516,473,261,111,172,374
528,473,327,120,179,428
554,464,335,108,161,411
579,457,375,110,161,411
588,461,343,106,145,490
584,461,251,96,139,509
581,465,238,114,143,451
570,430,288,119,128,565
548,417,233,123,111,494
531,441,202,131,117,532
535,453,209,126,110,482
520,437,155,158,105,498
499,430,113,151,100,473
495,466,131,183,113,426
491,460,108,232,119,446
481,485,87,234,120,506
497,473,76,254,116,404
471,486,81,213,116,443
464,483,66,190,126,406
482,480,65,184,144,375
468,485,56,195,139,310
466,479,60,184,153,302
476,480,53,165,138,261
493,456,93,160,120,243
481,462,161,167,101,308
496,484,193,166,79,340
512,491,179,141,77,469
527,498,171,133,75,464
557,499,217,131,85,491
558,506,206,120,71,621
586,495,224,124,68,533
590,467,201,108,65,451
588,434,223,102,62,415
584,439,201,107,67,485
578,421,210,124,61,461
561,411,214,113,59,402
548,405,204,180,73,450
529,411,179,162,65,463
521,431,152,198,74,414
502,422,173,186,76,362
481,419,151,248,93,320
485,415,119,265,111,291
490,432,148,215,117,289
491,457,347,195,124,319
507,507,281,195,119,368
506,517,207,237,127,418
500,499,219,196,103,357
508,504,194,175,92,273
514,512,183,168,107,296
526,533,177,175,111,300
526,516,141,155,99,275
519,495,105,181,98,197
529,485,116,166,88,276
518,486,104,189,79,295
523,474,128,184,82,242
514,455,197,173,89,305
509,446,214,151,75,381
509,434,234,177,86,405
512,421,256,174,85,491
511,429,277,196,77,532
507,419,230,165,73,445
510,428,316,198,76,531
518,432,275,170,73,520
521,431,259,164,81,430
526,428,261,159,78,374
531,433,211,151,78,446
552,444,175,144,59,388
552,443,206,126,59,380
567,435,217,106,48,351
568,445,199,88,40,371
564,461,183,85,45,403
578,467,222,83,40,343
567,464,226,89,49,300
560,475,200,94,72,305
561,482,228,92,88,245
556,485,208,104,93,240
546,493,167,124,86,265
540,496,132,139,96,255
527,506,122,150,100,300
507,518,113,150,111,336
503,507,99,186,107,350
495,500,108,219,138,331
483,490,96,224,117,310
473,484,111,233,113,302
470,464,141,195,104,325
455,439,135,172,91,382
449,410,241,163,82,465
454,416,215,177,72,476
465,421,271,158,77,447
483,399,232,144,74,480
489,402,247,154,71,397
520,414,241,153,76,335
532,439,286,149,71,310
557,433,257,136,67,333
571,429,234,127,60,354
561,456,246,139,56,382
561,457,239,129,62,328
570,449,216,136,69,421
544,456,184,161,91,433
571,453,160,185,86,370
540,477,135,222,96,367
524,498,116,228,121,328
519,518,115,223,150,450
518,539,133,203,125,480
523,548,149,199,120,437
526,543,193,184,97,453
523,535,184,168,82,577
521,521,213,155,70,569
526,479,165,139,69,585
508,451,199,137,91,603
496,449,151,111,79,565
477,430,131,101,76,664
465,425,120,103,113,571
451,417,111,106,94,576
454,418,125,101,119,538
457,399,109,141,109,454
466,411,81,172,118,444
465,437,62,176,161,461
480,458,58,177,144,385
471,486,52,175,131,403
482,507,48,163,108,377
478,505,65,156,94,337
490,505,75,167,89,356
479,524,94,166,95,352
502,523,147,218,98,339
506,540,149,202,90,356
520,527,132,227,88,368
519,491,140,237,95,377
539,472,127,219,106,413
517,458,151,251,104,532
515,424,173,212,90,486
519,406,181,224,112,569
519,427,228,196,106,492
514,440,278,159,88,517
520,448,224,164,97,487
515,453,169,130,97,427
518,461,139,131,98,382
524,462,144,136,98,326
540,454,148,113,94,294
548,465,113,102,89,408
545,480,115,100,93,324
556,481,83,121,99,349
554,471,88,149,127,308
542,473,84,163,149,357
550,487,113,149,159,401
535,518,122,152,136,472
545,507,152,139,116,462
548,499,222,135,96,489
540,521,200,120,76,616
544,504,487,121,71,530
540,469,512,116,60,537
537,434,554,113,61,572
515,416,401,126,66,623
510,417,300,112,53,638
496,401,223,148,65,666
478,411,215,172,79,567
483,406,164,182,95,454
500,407,138,186,85,443
492,440,104,186,76,540
494,449,87,185,78,498
494,459,96,176,89,466
501,475,132,154,80,518
495,498,133,150,75,624
518,494,169,141,76,490
506,495,273,156,73,513
522,506,206,169,86,431
517,504,191,174,82,337
528,486,168,168,84,368
508,474,169,180,110,415
516,466,172,184,95,331
511,457,140,177,108,356
515,441,166,182,89,369
523,432,174,173,82,370
517,429,144,181,70,409
529,432,133,174,74,415
532,425,134,146,63,371
534,440,130,124,54,350
543,436,146,106,50,398
544,446,147,86,46,386
550,454,128,96,55,453
560,462,151,87,66,431
571,465,157,77,60,441
569,473,140,85,58,432
575,478,138,85,51,377
577,474,139,94,50,396
572,476,128,88,45,341
566,472,129,109,67,330
558,474,105,110,73,351
549,466,112,106,59,372
536,458,184,115,71,341
523,452,166,193,68,436
520,456,159,206,88,521
508,468,145,239,92,436
490,459,117,220,115,606
491,472,111,220,100,537
479,463,122,181,104,508
498,466,134,163,94,434
483,460,191,139,87,474
486,468,184,115,85,404
497,479,242,104,82,446
512,477,218,147,69,426
517,476,189,155,71,449
512,471,186,158,71,472
533,451,169,149,80,480
532,444,150,143,89,448
530,434,148,173,89,575
536,425,150,191,80,495
525,415,193,240,93,445
523,410,221,259,113,578
521,419,184,226,135,564
517,424,260,189,105,455
507,425,233,171,98,522
508,434,210,156,80,471
518,442,246,147,87,428
509,448,197,126,89,422
502,465,166,105,84,380
528,461,153,118,73,384
524,469,181,95,72,353
542,466,201,85,73,417
558,469,187,89,78,428
526,521,167,93,78,378
541,502,169,95,89,375
549,483,153,106,105,352
536,479,119,118,96,314
546,463,163,155,93,302
540,473,161,179,99,252
530,472,169,170,161,226
521,492,203,180,167,201
509,515,217,143,179,216
514,519,168,170,170,282
504,498,140,160,162,260
481,466,176,167,145,313
474,446,172,179,142,344
460,432,259,193,139,335
459,433,265,188,122,415
462,423,255,160,104,383
452,422,221,157,90,421
461,415,195,174,85,368
475,412,228,145,73,359
489,423,227,121,68,307
514,444,309,112,59,341
529,461,371,100,62,407
549,454,288,103,75,472
564,455,242,85,81,449
596,506,191,90,73,397
568,553,166,95,68,442
589,532,164,112,86,419
576,501,133,115,114,331
578,476,139,95,98,348
564,471,165,98,89,384
557,486,230,86,79,410
565,504,226,86,75,377
550,501,214,110,84,376
556,474,176,144,105,442
539,475,192,140,94,460
528,466,186,158,99,520
511,448,185,157,108,519
485,439,160,183,106,494
483,428,145,153,91,446
478,444,118,130,103,407
484,432,104,155,107,384
482,432,85,192,116,304
471,437,75,181,115,403
482,460,55,171,88,471
485,460,49,153,81,403
491,449,55,193,95,349
494,460,60,168,89,380
491,486,71,178,103,451
503,483,129,182,91,499
504,492,163,162,79,439
508,491,198,134,69,616
528,511,249,137,71,542
540,483,262,137,71,555
561,488,250,118,65,482
589,472,222,125,66,496
575,488,286,121,61,543
590,488,267,114,65,525
599,481,263,104,61,445
605,452,290,103,61,467
600,455,288,116,61,446
588,465,529,119,65,375
580,446,527,105,69,326
559,437,604,106,73,405
563,441,545,113,110,416
552,464,552,116,110,422
544,457,490,116,116,438
533,442,415,133,121,415
525,452,365,117,105,350
525,464,325,125,101,305
536,473,247,161,84,269
526,473,204,144,88,351
521,468,192,146,84,448
538,473,172,190,113,455
545,476,169,160,97,400
514,514,322,145,78,316
555,503,412,145,74,361
540,533,433,123,65,380
565,532,372,133,65,423
551,545,357,135,87,423
538,538,304,139,86,448
549,512,246,129,91,440
538,486,185,188,111,428
531,438,227,210,122,467
522,439,232,237,115,524
518,430,224,209,98,644
498,424,234,204,82,604
495,396,205,209,93,580
498,390,219,210,112,587
510,400,214,182,94,492
512,412,192,155,88,546
519,420,179,127,70,457
540,426,251,98,68,565
546,440,232,103,58,642
571,478,227,114,53,502
581,481,203,111,56,493
582,491,209,131,68,388
581,496,172,151,75,373
571,498,173,182,75,527
561,503,147,184,92,469
550,503,177,176,113,512
539,503,150,179,110,424
527,512,169,177,105,534
510,511,137,177,114,430
506,505,139,223,113,390
490,505,163,282,136,463
472,485,246,277,118,472
470,467,429,275,92,478
456,450,529,294,96,577
462,442,488,255,90,580
468,434,374,252,102,503
475,432,367,217,91,591
504,434,291,218,81,604
501,434,234,186,72,492
519,438,312,171,65,547
538,451,277,151,53,532
555,454,300,119,48,433
573,459,336,115,54,361
579,456,330,100,53,438
564,481,410,123,53,409
585,479,359,105,45,354
569,479,292,103,45,431
556,493,214,143,75,428
554,499,219,171,96,389
543,498,231,197,99,364
532,499,202,226,94,406
535,509,182,212,83,374
521,517,167,211,85,317
514,519,139,211,79,368
503,530,117,242,110,328
480,514,143,253,124,398
473,495,124,267,146,351
458,481,154,269,143,404
460,469,147,224,140,516
459,446,254,185,111,568
460,448,274,169,109,455
471,452,233,156,97,477
484,442,285,149,86,518
503,459,261,166,121,621
514,467,319,167,105,504
534,452,419,175,100,513
551,463,501,151,90,516
572,464,436,157,93,413
584,453,407,148,94,586
586,446,322,131,86,461
585,441,285,111,90,376
589,440,246,99,75,357
573,465,246,115,65,294
576,470,250,95,63,278
569,466,216,105,74,350
558,489,201,105,91,330
556,492,233,104,92,284
549,494,206,131,92,347
539,503,199,185,95,360
528,514,204,223,106,331
525,522,194,221,105,318
516,518,177,204,122,339
495,530,164,236,143,356
494,512,147,286,153,344
484,501,159,274,136,434
469,483,193,215,124,439
466,454,334,219,111,380
465,445,268,188,107,381
465,443,339,203,122,384
474,432,304,192,111,461
482,434,257,177,107,514
499,451,255,149,120,416
507,457,220,144,100,498
532,455,175,123,96,388
529,471,179,112,96,363
544,454,178,154,100,383
556,449,142,127,98,335
555,445,183,144,96,450
552,447,196,141,107,399
554,470,164,153,114,401
553,466,153,132,103,380
541,490,138,137,114,378
534,507,104,163,151,315
523,516,93,234,159,372
522,500,79,230,147,342
494,522,75,240,163,303
475,538,73,264,177,395
482,529,88,309,174,348
468,518,95,283,164,357
459,488,131,259,127,349
462,472,189,199,97,401
474,467,197,170,96,439
502,449,224,154,88,508
521,447,215,143,79,670
522,447,271,144,75,658
539,460,294,151,79,623
521,450,321,158,78,578
529,420,288,180,102,703
506,420,275,149,104,584
493,434,269,141,84,556
492,438,211,159,142,478
484,407,185,171,181,401
493,417,167,164,184,443
486,451,144,202,157,474
491,464,132,236,141,519
485,464,120,237,145,497
481,483,122,242,146,554
485,493,165,219,132,512
491,495,254,204,127,422
501,504,259,186,132,385
495,515,298,200,133,437
515,531,297,201,115,447
520,519,272,183,132,425
520,493,278,177,108,415
530,464,270,179,90,454
527,453,246,174,76,452
531,437,292,179,74,484
537,432,295,161,78,412
542,428,277,142,67,389
555,416,380,180,63,415
550,424,311,165,53,520
556,437,426,139,52,515
556,436,347,126,53,525
556,436,283,115,73,515
557,446,249,136,82,534
562,459,220,130,93,474
551,480,209,163,123,458
538,489,166,160,157,350
537,490,162,188,147,386
523,509,125,222,122,453
513,542,111,189,106,544
524,531,147,191,107,487
517,515,195,171,105,469
509,491,256,145,118,623
520,448,347,127,106,657
527,418,325,127,109,754
511,408,258,191,118,780
497,411,210,211,157,659
483,407,158,269,168,603
481,384,178,266,202,605
482,419,150,327,206,533
460,461,107,288,189,683
491,456,98,314,191,609
477,469,82,297,162,593
478,484,98,273,161,572
488,475,118,224,149,431
480,496,173,209,137,408
487,481,207,180,103,395
485,506,199,155,115,360
498,494,275,147,90,384
506,495,311,179,86,356
514,490,304,195,75,405
535,484,306,164,73,629
549,493,292,176,74,609
572,473,355,161,77,677
566,457,358,165,81,569
585,401,340,178,87,673
580,413,290,166,71,690
570,407,277,169,67,602
563,380,254,178,68,481
549,364,197,182,76,399
527,389,181,191,78,503
538,413,150,184,85,573
534,411,143,192,99,521
522,420,145,159,93,405
507,450,165,147,98,446
504,467,249,164,103,408
507,511,204,147,101,420
518,554,263,156,91,456
520,597,295,145,90,588
530,602,262,135,82,691
527,561,314,126,79,635
530,503,264,127,67,616
532,464,225,118,61,525
522,430,310,122,65,574
532,401,318,120,74,728
532,386,351,125,74,754
538,368,392,161,77,687
535,359,403,212,105,604
544,347,349,209,101,486
535,370,261,174,95,701
540,401,258,169,103,552
538,399,331,169,81,497
516,422,250,132,82,567
519,445,210,134,117,434
514,446,277,145,101,481
515,472,292,178,96,566
528,524,329,193,91,577
517,592,345,206,91,564
507,618,337,228,89,630
507,619,298,219,87,559
531,538,314,184,84,542
514,502,300,215,75,542
517,456,263,190,71,588
521,447,299,214,82,626
523,426,343,202,79,629
519,394,365,185,75,554
521,368,298,155,67,489
512,358,290,166,81,501
522,373,297,174,93,450
521,388,275,165,86,410
532,423,258,137,78,378
540,438,271,139,71,381
541,449,239,147,86,299
543,456,314,154,92,346
542,473,340,168,120,333
536,486,338,161,121,407
553,481,274,207,104,337
540,496,222,211,97,318
544,502,185,171,82,366
543,498,193,163,73,473
540,494,250,143,76,410
549,494,191,139,73,406
539,482,205,126,89,378
529,474,261,150,107,441
536,462,295,129,95,497
530,464,287,141,93,425
531,453,321,142,85,420
528,455,289,137,75,473
528,449,272,149,68,460
529,455,246,124,70,440
533,454,263,125,63,399
530,457,254,118,58,418
534,452,249,112,62,444
535,456,304,114,69,507
534,464,287,102,67,499
543,467,221,106,62,373
544,465,269,134,69,365
542,468,255,127,74,327
545,468,205,142,81,325
545,474,163,154,79,281
543,476,152,130,71,294
541,477,157,126,66,275
536,479,130,130,69,289
535,478,210,138,70,253
530,477,221,129,67,320
525,477,162,113,73,356
522,475,152,107,73,309
516,475,144,121,73,285
517,472,141,122,71,317
522,471,167,127,73,293
514,470,186,155,84,286
515,472,190,138,83,450
517,477,165,117,97,391
522,475,155,102,89,355
519,474,171,105,84,317
518,480,148,135,85,283
522,480,209,113,87,285
517,482,227,107,76,308
519,485,189,97,73,233
520,479,154,122,74,275
526,482,154,122,67,249
528,492,173,126,76,232
529,499,161,112,67,206
520,497,143,106,61,210
532,494,124,99,50,211
530,521,111,100,52,185
522,526,104,100,54,134
506,525,92,95,54,112
510,532,109,87,49,117
532,545,104,81,43,92
528,533,92,81,49,89
559,521,86,71,47,78
548,517,77,82,45,73
552,521,107,137,44,126
540,549,127,180,62,219
536,553,186,192,78,223
531,545,196,228,83,250
522,547,179,208,76,321
518,536,189,191,93,363
525,530,199,166,81,425
528,525,212,166,67,633
530,533,197,181,89,621
531,523,208,217,94,741
548,519,160,211,93,632
527,506,158,233,104,572
526,477,157,225,98,560
515,461,158,209,93,416
522,444,161,175,77,483
512,467,126,172,98,514
515,481,126,150,87,483
519,478,115,135,71,483
519,474,128,159,75,448
520,477,138,135,74,451
522,482,104,143,96,384
526,481,154,141,85,413
523,483,157,118,84,415
528,474,138,119,77,375
531,473,117,118,71,354
526,478,130,152,93,303
529,475,174,155,80,339
538,466,163,153,70,292
532,471,181,134,90,343
531,470,332,111,78,368
540,470,328,118,66,420
543,459,383,114,54,383
549,454,425,94,54,471
561,455,402,113,63,457
564,464,346,116,56,384
567,470,286,103,52,442
563,466,255,125,84,401
552,472,198,153,110,443
544,457,220,158,95,455
532,455,224,162,106,513
519,443,177,185,111,587
508,455,200,172,108,556
498,452,199,158,101,593
507,450,164,168,89,464
491,452,130,161,90,531
498,457,104,161,92,586
493,478,102,162,85,474
502,465,161,141,129,408
493,483,182,141,126,402
507,488,197,169,146,438
513,496,242,164,161,440
520,499,218,177,135,600
521,493,187,216,131,527
531,491,201,203,109,501
540,477,189,197,89,477
552,471,212,201,142,444
548,465,226,172,131,406
557,462,196,157,104,466
566,460,164,159,97,417
555,453,164,163,103,415
557,457,201,157,79,443
546,459,330,143,78,413
553,457,257,144,68,374
544,457,206,152,70,434
544,463,199,149,58,416
541,466,160,139,68,342
541,459,150,141,74,306
532,459,159,128,69,268
532,464,176,145,86,293
536,467,160,142,91,309
533,465,172,128,87,284
528,471,149,139,85,282
530,468,192,148,91,244
531,467,143,137,94,339
527,475,128,120,92,355
531,478,132,110,91,446
527,475,128,95,96,423
527,472,140,103,124,354
523,480,147,121,125,308
525,482,152,127,117,343
531,479,163,145,120,337
522,479,156,141,119,327
523,477,137,129,119,375
522,484,135,129,121,368
525,481,101,137,113,383
522,479,117,120,116,345
521,477,108,115,108,339
523,480,93,127,127,277
525,482,160,129,115,297
524,480,131,148,110,279
524,482,126,175,113,367
527,485,134,148,107,385
524,485,121,173,113,365
528,485,178,150,109,396
527,489,151,145,109,364
529,487,119,144,94,375
528,490,113,129,90,352
528,492,132,123,92,294
530,491,129,141,89,299
525,490,104,142,96,328
526,492,94,124,77,300
527,491,114,138,83,311
524,492,221,130,86,322
526,493,182,122,77,349
529,493,152,132,70,338
526,493,142,131,65,354
526,493,150,144,76,336
527,496,144,140,75,290
527,495,175,171,83,392
528,492,180,170,79,341
527,494,174,168,76,392
527,496,168,159,88,467
529,494,175,164,84,465
527,493,167,160,79,449
526,495,151,139,82,424
526,493,148,135,73,443
526,490,155,150,76,419
526,494,156,173,82,372
526,492,149,171,78,317
527,492,138,159,80,271
526,493,109,153,82,232
528,493,175,168,87,268
529,496,152,145,82,284
529,494,121,136,89,272
529,494,121,142,85,295
530,497,141,133,94,286
532,499,162,136,99,265
531,497,141,119,107,250
533,499,173,113,106,347
531,496,137,116,109,346
531,500,150,139,100,361
532,497,155,152,113,328
530,501,158,155,111,312
531,497,146,134,110,333
529,500,132,129,108,343
530,500,129,135,110,374
531,498,129,114,111,325
531,499,189,126,121,372
528,500,160,104,119,378
532,499,145,130,115,314
530,496,132,145,116,345
529,502,119,147,103,300
530,500,121,149,103,306
533,500,154,150,104,299
527,499,187,135,105,292
528,500,207,143,98,318
526,502,180,159,119,294
531,499,190,173,104,336
527,499,179,180,126,413
527,494,162,161,118,379
528,495,195,147,119,320
527,499,185,155,109,381
532,500,159,173,106,394
525,495,172,156,104,420
529,489,139,168,95,429
526,493,192,142,96,474
529,496,159,120,97,450
530,479,168,109,108,472
531,472,159,97,100,541
538,472,190,79,88,586
538,489,191,92,93,511
550,480,234,103,82,591
548,485,296,105,74,464
546,485,284,99,88,525
554,481,244,107,75,565
546,485,208,95,75,611
547,485,197,79,60,524
542,463,173,84,48,544
534,473,197,90,49,680
534,475,180,88,47,625
536,468,140,97,76,555
523,456,110,125,80,557
512,465,111,159,87,542
513,464,130,161,88,545
519,447,112,142,67,593
509,465,98,155,74,583
521,470,217,143,74,547
519,488,240,165,71,444
530,495,209,167,83,627
525,520,209,178,88,592
519,512,155,212,101,480
514,506,143,277,127,391
510,495,161,266,131,419
501,498,129,250,175,503
495,487,163,276,141,441
497,475,152,279,178,418
478,468,132,244,185,587
491,426,175,237,181,649
494,422,199,246,168,687
496,394,202,243,148,600
504,383,227,196,127,597
515,388,207,182,114,554
531,394,193,150,105,570
547,398,179,128,92,464
559,409,183,144,97,509
565,425,134,139,80,525
572,434,153,138,91,462
566,431,151,156,98,362
570,420,190,126,96,364
562,448,218,142,133,417
543,487,264,157,181,365
551,518,313,187,161,474
570,538,308,171,138,446
555,533,274,148,125,420
560,505,348,136,125,386
543,488,513,140,152,467
532,452,460,149,181,433
515,425,410,152,197,605
497,406,395,158,203,599
463,392,288,165,218,620
459,376,212,176,223,615
455,381,160,215,194,693
472,394,142,242,213,697
454,434,113,206,184,624
473,424,81,200,224,506
501,403,85,176,188,493
471,474,76,164,192,454
495,502,78,146,158,541
505,525,150,130,161,492
497,520,133,136,142,530
516,523,222,136,138,477
513,523,203,196,156,567
519,507,197,221,155,564
536,478,160,205,144,510
542,437,199,181,145,530
540,420,174,172,154,576
559,399,203,154,168,528
552,385,187,160,173,719
575,380,260,186,186,704
571,400,240,199,190,712
583,402,217,175,183,639
582,382,308,161,180,570
583,371,297,150,177,480
579,379,307,126,152,443
600,415,300,154,140,333
596,435,251,129,130,321
576,449,214,119,142,462
588,462,163,152,150,367
569,475,142,212,203,409
538,493,127,287,229,382
548,536,119,311,200,468
533,572,105,254,184,630
532,573,119,225,156,595
520,562,166,180,179,658
507,546,296,169,200,915
509,467,523,187,229,837
479,418,605,164,222,774
474,383,540,134,243,862
458,380,388,124,255,808
469,387,291,137,300,787
470,362,238,133,271,981
504,383,197,168,257,937
520,415,160,173,239,955
545,425,134,158,223,924
545,440,104,134,186,696
553,426,93,145,184,591
538,452,77,152,211,581
535,473,82,138,178,537
518,477,103,136,162,493
496,493,167,119,143,657
506,506,229,119,127,497
482,510,519,131,153,433
496,548,505,156,136,574
494,560,370,217,131,591
504,518,276,192,114,704
500,505,253,263,103,951
526,469,254,220,113,842
