75X axis acceleration,Y axis acceleration,Z axis acceleration,Bicep signal,Shoulder signal,Pectoral signal
324,402,395,201,362,125
342,404,401,255,481,156
352,398,407,338,394,198
359,394,413,330,382,264
365,384,420,394,338,259
373,383,431,374,321,288
378,383,437,415,268,285
375,369,437,414,232,314
374,356,438,473,260,284
370,341,436,446,254,360
366,329,432,397,277,369
359,320,431,433,291,414
354,314,429,388,265,439
347,315,430,421,271,463
333,328,420,402,269,462
335,328,426,445,319,426
325,336,424,404,386,404
314,344,421,392,428,366
299,358,417,389,396,332
286,380,413,408,393,298
280,393,409,439,398,263
275,402,400,358,553,239
280,411,394,400,542,202
284,411,388,367,550,189
289,421,384,355,540,164
304,423,380,349,520,159
319,440,383,338,466,200
338,461,392,351,480,300
355,451,401,342,455,275
361,438,407,384,474,261
368,429,412,369,450,305
377,412,418,405,393,274
384,391,421,414,449,305
390,375,430,430,451,314
391,358,433,440,472,266
394,344,437,401,406,248
390,333,443,349,365,198
386,328,445,311,334,216
385,324,453,345,319,210
369,320,440,364,315,180
364,325,448,429,292,201
353,325,448,431,307,207
343,328,441,405,362,190
337,339,430,375,400,170
334,355,429,388,485,135
325,366,422,410,521,116
310,380,416,420,445,110
303,393,412,453,382,109
297,396,401,446,415,98
291,408,395,443,466,100
291,415,390,417,569,113
291,423,390,376,532,106
295,427,387,377,506,105
307,430,386,332,434,108
317,428,388,374,368,143
333,423,392,338,306,180
347,425,402,383,267,241
360,424,415,352,253,306
376,410,423,412,223,268
387,392,427,396,252,253
398,371,428,384,315,254
401,359,432,408,298,246
398,342,432,425,446,272
395,325,430,472,362,299
392,322,443,490,346,325
384,311,441,340,288,346
375,316,442,346,262,280
362,322,439,378,242,260
353,323,440,409,294,220
338,327,434,363,316,188
331,344,435,317,276,166
322,358,426,364,381,144
312,362,423,358,354,120
305,373,416,406,384,121
298,388,413,416,370,96
294,405,407,378,451,83
291,409,401,425,578,119
288,408,395,405,615,116
291,410,392,389,538,138
299,424,393,378,451,178
315,435,392,352,434,244
332,433,397,361,383,295
348,426,405,329,327,339
363,418,412,377,280,344
374,409,417,341,256,358
388,399,417,389,237,340
397,380,417,377,210,316
402,358,421,389,176,294
400,344,425,413,159,277
396,334,434,401,183,247
384,319,428,558,306,243
377,315,444,370,291,242
369,309,447,389,290,243
357,312,446,420,358,214
349,318,446,456,338,197
342,316,442,437,519,165
340,322,446,507,536,139
332,337,440,505,644,146
324,357,440,387,695,129
313,379,433,401,721,110
321,393,427,412,693,102
311,398,418,411,746,102
301,412,412,392,686,93
299,414,403,393,641,102
302,424,399,396,631,127
309,439,395,401,558,143
325,450,394,380,496,142
339,440,393,346,404,213
349,426,399,389,354,209
357,410,403,345,310,292
370,392,405,383,276,321
382,376,412,381,267,265
392,361,416,408,252,308
400,345,422,385,246,392
403,340,427,346,232,326
401,330,426,389,225,341
394,319,422,419,270,342
393,320,445,425,219,320
378,324,436,374,237,358
360,332,443,454,310,336
347,335,448,422,290,300
335,346,451,405,435,260
320,361,449,416,487,212
307,365,444,443,567,163
294,379,437,463,536,141
291,393,428,460,523,122
291,404,425,458,518,104
292,412,417,416,521,140
291,409,408,435,504,110
291,418,404,400,444,96
299,419,395,374,362,94
307,429,392,350,425,184
327,451,394,327,322,173
343,456,399,372,276,194
356,443,406,337,271,233
366,428,408,360,243,213
376,411,411,300,238,278
388,385,415,356,245,354
395,369,415,271,286,368
396,346,419,403,228,341
399,336,421,476,185,271
396,322,429,525,196,302
394,310,431,386,250,370
388,317,438,369,235,422
383,322,447,404,373,441
378,333,446,336,321,460
367,341,441,333,323,447
358,349,446,385,354,417
353,367,445,371,385,352
339,370,429,373,428,272
329,377,435,451,519,233
312,394,432,454,528,199
298,403,421,381,661,202
290,409,408,405,622,157
284,409,401,387,604,153
278,413,391,384,512,167
281,419,389,345,446,197
295,434,389,333,359,237
313,445,394,334,323,240
332,442,395,317,304,210
350,437,399,373,343,281
366,422,406,323,279,253
377,417,415,414,265,440
395,407,428,374,244,348
404,395,426,390,252,435
402,362,426,323,275,394
407,346,430,324,265,377
408,325,437,459,264,368
405,317,435,507,205,359
400,311,433,504,288,352
392,319,435,185,253,361
381,320,435,246,215,372
362,316,429,444,260,343
339,325,432,390,258,292
327,321,428,485,315,254
316,324,426,482,355,220
293,360,425,448,460,227
279,384,419,428,491,261
273,412,414,468,614,277
272,421,408,416,615,264
273,423,400,415,612,239
275,432,399,396,605,232
283,433,392,386,561,234
295,425,387,369,437,233
309,439,388,348,357,220
332,446,389,383,321,164
357,448,400,337,304,258
375,431,406,408,242,287
396,423,418,398,223,277
411,406,413,404,249,276
417,395,420,378,252,244
419,378,425,338,286,274
421,365,439,411,250,287
404,348,433,424,347,303
382,332,434,419,309,332
377,336,453,364,379,317
363,331,459,411,355,296
344,325,451,410,425,282
329,328,447,403,397,338
324,326,446,379,384,288
322,329,435,362,404,239
319,335,433,479,385,208
314,349,431,408,415,229
298,388,420,400,539,258
298,398,423,396,568,301
299,409,418,392,729,318
303,416,415,395,616,296
307,412,413,383,558,283
313,422,408,379,531,268
321,433,405,300,443,227
334,447,403,367,479,217
348,438,399,328,390,184
361,419,407,380,338,217
370,416,416,354,302,246
381,403,425,415,359,308
392,383,426,370,306,294
399,369,425,336,325,336
402,345,437,329,275,295
400,333,434,329,262,292
392,325,433,490,345,291
387,317,437,444,277,288
378,326,451,517,338,315
368,326,462,414,277,330
357,321,450,412,355,335
341,329,444,297,342,307
328,329,439,313,386,264
316,324,434,318,479,222
301,343,428,399,600,219
286,369,418,495,537,256
280,392,418,512,603,258
282,407,412,442,568,243
286,415,406,410,622,230
290,425,405,379,553,232
300,438,400,365,512,205
314,444,398,285,452,227
330,457,402,357,414,226
345,440,399,295,373,263
356,419,404,393,319,326
366,416,411,333,330,429
383,411,428,419,275,400
399,398,428,385,298,376
404,375,426,315,260,419
407,354,428,300,246,323
407,343,431,400,280,306
399,325,435,547,282,327
396,317,442,466,292,313
381,322,443,508,301,354
371,319,454,467,375,358
356,313,444,432,349,310
340,321,444,421,368,284
326,326,439,338,387,229
312,326,437,416,439,191
298,344,432,466,510,255
279,381,423,463,579,273
274,398,425,387,555,269
274,405,417,393,559,228
278,412,412,357,539,198
283,422,409,382,555,195
294,429,402,361,490,183
309,442,400,328,421,169
329,448,396,347,347,211
347,450,397,307,322,171
364,445,398,382,280,340
379,426,405,357,255,272
392,415,409,384,240,310
396,401,414,377,236,287
403,384,416,391,251,330
405,358,419,397,275,303
403,348,424,504,392,260
398,338,431,442,408,238
392,327,435,439,567,286
377,337,428,418,482,283
378,320,451,294,423,309
377,327,471,404,366,285
358,337,450,403,414,222
341,345,453,400,488,170
322,355,445,434,540,142
315,360,441,405,536,180
308,375,430,416,535,164
306,384,428,425,529,163
308,389,426,417,494,141
306,398,418,426,557,144
305,401,412,390,592,134
299,407,403,393,514,127
298,413,396,374,491,130
304,427,390,379,402,123
321,462,387,308,401,127
341,468,387,346,334,138
358,455,389,316,285,159
367,424,390,339,254,197
376,416,398,336,301,195
386,402,404,317,231,182
392,374,410,342,209,243
400,348,422,238,214,350
408,337,437,423,212,424
412,339,448,419,277,460
401,338,451,540,340,510
391,350,445,484,434,512
406,338,484,594,401,501
371,333,453,564,427,453
353,341,449,477,431,374
336,355,449,413,486,291
325,363,449,312,447,276
316,369,440,405,466,280
301,381,430,450,472,318
302,385,425,395,449,307
301,391,414,407,532,264
297,393,409,397,487,209
298,394,399,368,433,201
299,405,391,313,505,192
314,432,392,363,446,182
335,466,395,312,419,159
349,468,394,371,405,122
354,442,392,320,347,259
357,414,397,374,312,221
368,401,401,337,239,282
380,387,407,314,267,277
391,369,412,364,243,319
400,338,416,280,245,298
397,326,423,333,251,268
398,314,428,375,228,224
390,315,433,549,252,210
383,318,441,490,292,197
380,315,443,445,264,181
366,316,446,413,298,149
351,324,445,379,342,127
339,335,441,380,318,134
320,352,438,353,368,194
305,373,434,400,393,248
294,390,430,407,409,270
298,403,428,440,489,257
303,410,422,440,616,208
300,411,414,426,661,185
296,409,401,395,641,170
302,412,395,323,505,143
309,420,391,366,430,236
323,438,387,301,317,192
341,448,390,353,257,224
361,441,394,318,208,219
377,429,399,389,184,240
386,407,401,372,166,220
394,393,406,353,163,212
397,375,411,357,152,172
400,350,412,305,161,161
397,330,416,377,168,158
395,319,425,452,168,177
384,319,428,457,180,189
375,323,437,173,264,202
364,334,448,179,259,221
358,325,454,190,296,222
349,340,455,280,323,208
342,356,458,364,282,171
326,362,449,403,391,151
310,372,440,368,451,176
296,390,433,340,443,193
295,403,426,318,397,220
294,414,418,332,540,211
291,423,405,483,554,210
291,425,393,488,531,219
297,419,386,446,439,222
306,428,379,430,387,197
319,452,379,367,332,186
338,460,384,418,259,235
358,441,388,345,212,232
366,434,396,405,182,322
383,418,403,371,149,292
394,406,405,398,229,286
395,391,409,370,185,256
396,362,413,267,164,233
399,346,416,312,168,239
405,338,430,336,165,290
400,334,430,452,148,361
390,343,435,408,156,466
399,338,455,405,212,449
392,345,452,415,347,381
374,353,451,437,407,321
356,360,447,396,495,258
344,358,455,292,453,222
324,362,429,426,442,208
304,371,432,448,485,235
289,378,420,462,530,247
287,387,416,477,459,232
285,389,411,470,461,232
285,388,405,434,483,208
285,392,405,380,508,207
293,391,403,367,542,160
292,383,400,310,627,163
301,397,399,358,546,169
326,421,399,318,464,191
347,428,397,369,424,218
360,427,401,359,365,201
370,427,402,371,384,266
383,417,404,379,335,313
393,421,405,311,263,336
399,401,406,349,203,317
402,371,409,336,195,373
411,349,421,402,209,334
412,330,423,406,264,276
410,337,441,398,304,254
406,324,444,352,353,282
387,338,446,422,409,301
385,314,449,422,443,280
361,317,439,391,411,302
341,331,434,367,476,249
329,337,430,370,543,212
313,357,430,394,542,200
295,386,427,418,625,213
291,393,423,476,772,228
288,406,419,490,884,223
290,412,415,450,788,191
287,409,410,433,739,188
292,405,403,381,700,199
297,400,399,396,634,195
306,400,397,360,504,197
321,406,393,397,408,195
343,411,392,376,436,323
367,436,396,383,353,338
389,434,402,364,291,322
407,426,399,368,270,279
416,418,396,374,243,304
421,398,399,333,284,281
420,368,400,385,299,234
413,355,409,468,340,294
407,341,413,439,361,357
392,339,430,395,314,391
367,342,415,400,364,424
370,331,460,459,323,435
344,329,443,417,313,409
329,335,442,420,344,356
315,339,442,390,305,289
305,342,440,407,362,232
286,356,429,411,394,213
272,379,432,393,477,230
276,382,422,417,479,263
278,396,413,385,470,267
288,405,405,381,404,278
298,412,395,369,433,314
314,423,390,382,379,312
332,438,388,294,299,322
356,455,389,326,265,315
374,441,394,299,219,333
385,434,398,351,220,417
393,418,403,358,238,439
403,407,408,364,202,384
404,386,411,332,184,377
405,366,416,253,211,304
404,356,420,363,220,269
402,355,434,443,202,311
392,351,428,573,277,329
392,352,448,467,290,319
376,354,444,422,246,318
368,359,461,476,298,314
352,351,448,456,361,303
337,353,444,415,387,306
323,355,436,363,432,247
314,353,427,348,403,194
300,352,418,316,410,183
282,385,421,406,397,258
284,392,418,441,405,253
288,400,411,438,464,280
295,407,404,412,397,284
306,411,396,365,368,249
318,421,388,376,325,245
337,428,382,342,340,244
358,441,382,374,323,198
369,445,383,350,273,223
378,436,386,382,202,286
380,426,393,369,204,305
387,413,400,328,202,325
393,397,410,364,228,293
397,377,418,297,254,249
392,365,422,324,263,203
384,351,426,331,300,178
381,349,432,476,283,184
371,356,434,492,303,182
374,357,445,475,285,164
364,362,438,395,305,153
356,371,444,359,356,163
346,382,449,344,337,125
333,378,447,382,348,118
316,376,442,420,379,105
304,366,431,418,406,121
290,367,423,441,444,112
276,374,415,448,390,116
273,386,411,462,396,140
281,395,403,438,420,147
292,406,396,397,384,145
307,421,390,394,374,155
333,436,390,364,315,152
352,446,390,380,318,149
364,444,392,356,245,172
365,431,390,372,217,160
368,420,393,363,190,159
372,401,399,346,176,139
376,390,403,366,178,138
379,372,410,323,184,214
384,358,415,339,207,184
386,350,424,303,225,159
380,340,424,438,246,160
382,342,437,469,258,120
377,352,442,561,351,105
366,354,439,468,369,136
361,356,456,395,392,157
348,360,446,443,517,136
342,364,453,440,489,125
330,367,448,455,570,103
317,366,436,390,651,104
308,361,429,389,812,131
298,360,416,367,874,145
291,374,408,356,856,155
290,386,405,389,730,172
293,399,400,416,593,161
294,412,397,449,615,146
303,415,390,401,500,133
313,420,385,407,382,144
322,423,384,365,326,188
333,425,383,391,277,178
344,427,389,381,342,188
355,422,392,376,286,223
361,419,400,374,238,196
372,413,407,346,260,191
380,399,409,383,268,195
382,387,414,338,257,162
387,372,420,355,260,131
385,357,425,305,307,124
380,341,431,392,304,115
365,340,434,424,455,105
362,339,443,407,427,93
355,344,439,413,384,77
359,361,444,410,454,70
364,368,453,423,458,64
363,382,451,398,552,61
353,386,449,422,503,68
342,382,440,395,480,70
330,376,433,403,521,64
315,361,423,405,551,62
294,354,408,402,594,69
278,363,404,397,602,76
274,380,393,404,629,64
279,400,389,431,712,54
292,416,385,457,738,53
306,435,384,398,598,75
325,448,385,399,511,103
338,442,382,346,459,135
344,436,383,386,428,141
355,422,384,339,387,155
364,409,391,369,300,174
369,406,395,369,341,176
381,392,403,391,284,156
384,383,410,345,271,197
386,368,416,334,268,218
388,365,426,342,312,207
385,357,430,409,357,177
379,351,441,410,299,173
366,346,433,332,278,134
368,354,461,431,337,118
354,352,445,352,356,92
347,350,447,339,307,81
340,357,453,390,355,88
333,360,446,382,425,74
328,368,439,379,420,91
315,375,433,405,461,106
308,380,429,401,608,107
298,390,423,445,692,117
293,404,416,464,627,128
293,414,411,450,621,104
295,422,407,457,583,83
300,423,400,385,497,67
306,425,394,407,417,90
317,427,389,344,365,113
328,431,387,388,304,112
342,430,388,325,251,160
354,425,390,370,247,159
366,419,396,350,272,176
379,405,402,363,255,262
389,398,407,351,260,245
396,382,408,305,266,219
404,361,409,337,265,191
406,344,412,329,224,179
411,336,418,542,196,153
405,337,420,430,173,181
404,331,432,465,149,205
398,327,439,525,184,198
384,333,445,359,217,169
368,335,440,259,266,133
360,341,457,171,318,123
341,347,447,242,364,105
333,359,445,323,335,91
327,367,445,424,367,120
319,375,438,465,355,119
314,387,436,502,363,129
317,400,433,476,438,130
308,397,424,445,505,136
298,395,418,419,502,118
294,395,411,364,410,92
296,393,404,400,374,80
297,405,398,347,343,78
307,416,392,399,332,89
319,418,387,355,328,99
335,416,386,388,291,129
352,417,390,336,248,227
365,415,397,394,248,258
382,410,401,349,266,277
392,401,406,397,205,227
402,385,410,381,216,236
406,362,409,430,316,289
408,347,416,448,485,277
401,341,415,399,584,281
397,334,423,410,482,292
394,325,427,391,391,257
388,330,431,422,499,269
390,333,448,411,419,255
387,342,453,414,431,218
372,354,453,401,376,170
358,359,454,408,369,128
344,373,453,406,373,123
333,381,443,404,439,115
326,378,440,411,610,112
310,386,430,394,598,110
307,387,428,405,617,96
305,393,420,386,556,95
306,400,417,393,551,102
306,409,410,391,518,125
308,412,409,358,470,139
309,402,402,348,482,141
310,400,397,375,505,190
314,403,392,367,415,163
323,419,388,316,393,244
342,428,392,375,337,233
359,433,395,309,271,251
367,423,398,381,299,283
378,407,403,334,296,250
386,401,407,365,245,343
393,390,412,352,277,279
399,370,414,355,337,279
399,353,417,426,317,287
400,339,420,413,280,223
395,328,421,517,267,242
387,326,428,411,244,240
376,318,419,373,191,255
381,318,443,402,255,197
377,319,447,348,267,156
368,334,450,279,252,126
357,338,449,149,299,114
351,344,446,256,402,140
344,360,442,289,408,135
334,367,436,358,433,142
320,376,427,390,504,112
311,396,425,474,575,105
311,399,422,489,729,100
307,407,417,456,606,114
309,414,410,444,561,127
310,422,406,388,466,125
319,423,403,411,358,153
328,422,398,348,316,160
337,421,393,409,308,155
349,408,390,348,303,191
359,401,395,420,358,224
369,395,401,393,339,260
380,387,406,385,360,230
389,378,407,361,315,217
396,369,410,300,254,202
399,358,412,391,236,198
399,347,415,362,245,186
398,343,419,468,216,169
398,329,419,389,225,159
392,331,428,323,246,201
384,344,429,412,221,250
383,340,441,390,237,255
375,355,445,413,256,235
362,365,440,344,243,206
350,377,436,334,330,220
341,386,436,422,396,193
335,391,431,480,370,157
332,393,425,491,389,137
325,392,415,497,403,110
321,401,413,476,486,90
316,411,409,273,550,76
310,417,404,217,457,62
309,421,399,266,438,58
316,425,395,298,373,63
326,425,391,321,346,137
340,422,387,342,340,160
349,409,383,296,294,159
363,401,380,369,264,186
375,387,381,290,222,268
386,382,380,373,227,304
397,375,380,303,190,338
404,357,379,348,221,354
412,343,383,359,264,346
422,343,392,342,303,296
423,337,399,522,307,336
426,332,412,380,266,372
415,336,425,400,355,441
404,332,432,386,288,505
388,340,441,385,299,495
371,342,438,321,312,488
358,359,442,379,312,379
345,370,436,390,307,273
342,375,446,397,326,214
336,382,445,417,323,187
329,389,434,414,368,162
324,398,430,421,378,130
313,403,424,401,424,117
307,403,417,451,426,150
304,407,412,480,471,144
306,419,408,468,417,143
310,423,401,452,351,126
323,425,396,378,268,148
337,426,393,426,274,164
349,417,387,351,223,219
362,408,390,417,215,239
375,402,390,400,247,311
385,392,396,440,249,294
391,378,400,411,240,312
397,362,403,394,281,316
398,348,406,402,254,272
397,339,413,386,208,247
394,331,418,388,234,238
392,330,427,387,215,235
388,326,433,399,194,186
383,327,449,414,191,140
374,329,450,405,275,114
369,338,454,415,266,104
358,340,445,391,344,118
352,351,444,403,356,120
347,354,441,445,344,145
335,360,433,436,426,117
320,369,428,352,417,101
316,383,423,383,404,97
315,393,423,376,428,119
315,406,418,386,445,151
314,416,413,386,409,151
316,425,409,352,369,158
322,431,405,364,320,201
328,427,400,314,323,171
335,422,400,374,296,163
341,406,395,313,242,160
350,397,395,376,307,199
358,387,397,350,245,202
366,378,398,362,236,217
375,366,401,329,216,274
383,357,405,296,194,237
388,355,411,320,214,207
391,348,412,310,224,190
393,348,422,442,203,187
392,342,430,458,298,209
385,341,428,135,289,178
381,344,433,238,298,131
379,344,438,287,316,108
371,359,443,254,337,95
360,376,445,384,360,104
352,376,442,479,349,102
346,377,442,381,323,122
341,375,437,303,334,106
334,375,431,266,388,95
327,374,423,343,335,87
321,377,416,442,344,79
318,383,409,506,354,69
317,394,405,496,435,80
318,410,403,490,386,65
318,420,401,451,353,90
324,430,399,430,338,118
333,430,396,366,299,155
342,419,392,391,266,190
348,405,388,352,219,223
358,387,388,344,174,205
366,379,390,404,158,198
370,365,394,361,138,191
374,354,399,411,135,254
380,348,404,363,167,250
390,353,412,403,214,203
394,349,417,402,272,197
393,345,423,415,278,206
394,337,429,424,299,184
407,332,455,413,306,139
381,345,432,414,326,154
378,339,436,427,276,121
368,346,437,425,314,101
362,355,436,391,322,82
359,373,434,413,338,92
351,379,434,302,387,77
337,383,430,348,478,90
334,388,428,366,457,92
327,400,423,455,535,90
325,411,419,491,638,87
319,406,414,498,563,91
312,408,410,464,540,86
311,410,406,444,500,93
309,411,403,388,410,83
314,413,400,405,343,120
323,411,396,361,271,124
331,411,394,400,254,106
344,408,393,357,212,105
358,406,395,388,221,123
369,396,395,384,246,135
380,389,399,335,253,123
387,384,400,387,264,161
390,375,401,336,246,248
392,357,403,395,223,250
392,346,406,354,242,207
387,339,412,402,251,166
384,336,418,392,317,128
377,338,420,413,240,103
372,346,425,406,230,88
370,334,422,393,302,77
371,343,432,406,243,60
366,358,436,404,243,69
362,366,437,409,226,54
358,377,440,405,298,76
350,383,437,409,381,76
345,382,433,447,554,75
336,388,429,503,539,86
328,388,425,509,570,75
317,391,418,479,557,95
315,400,415,470,611,114
312,412,410,425,627,99
311,420,406,402,599,88
315,421,402,397,591,96
321,422,399,369,476,128
329,421,394,402,369,131
339,413,390,377,322,118
345,401,386,408,282,142
353,387,385,361,225,227
363,379,388,391,226,190
368,372,391,336,235,221
375,362,394,278,227,213
380,358,398,377,296,168
384,352,403,396,294,171
389,341,407,410,309,166
393,338,421,381,375,151
387,342,421,342,310,117
384,337,422,181,277,99
381,335,431,247,315,125
369,345,433,312,305,106
367,344,445,382,305,81
355,347,440,407,270,78
346,353,437,397,290,69
343,362,435,377,306,60
333,369,428,331,316,62
329,374,424,273,399,56
321,379,416,315,533,64
315,392,411,371,589,67
315,401,411,411,611,68
313,410,408,482,659,83
314,419,408,479,581,77
316,417,404,453,541,84
315,415,401,446,495,89
321,408,399,408,422,91
325,398,395,412,381,123
336,394,396,393,332,111
347,392,398,366,308,163
359,391,403,392,262,171
370,391,407,362,293,187
380,380,409,421,293,154
383,365,409,403,277,226
388,355,411,439,241,176
386,351,412,399,245,161
392,340,419,392,207,159
390,342,425,395,219,161
391,338,434,392,237,136
384,345,435,411,276,121
374,338,434,398,328,110
364,337,440,409,455,86
345,337,431,402,477,82
332,345,433,402,523,77
323,359,432,389,518,96
319,365,428,396,537,81
314,375,425,407,582,102
315,381,422,402,497,116
314,383,420,402,501,119
312,388,415,397,476,111
314,389,417,395,413,99
308,391,408,372,415,92
308,393,408,378,417,83
313,400,408,390,478,68
319,409,408,380,392,141
327,415,405,377,325,182
343,416,405,384,283,211
360,409,407,349,250,218
375,404,409,379,200,217
384,393,412,368,196,188
391,380,409,359,159,166
393,362,410,366,174,173
391,343,412,409,169,155
389,337,419,399,147,159
380,332,416,379,169,132
373,336,427,398,236,113
371,331,433,378,294,118
362,340,434,440,322,123
359,337,446,442,294,153
350,326,443,464,280,151
340,333,440,403,336,119
332,343,437,405,336,91
326,354,435,396,426,112
321,365,431,387,499,85
321,374,427,452,509,71
315,374,421,475,558,59
314,386,419,473,566,50
314,393,418,462,583,78
318,399,415,455,583,81
320,403,412,418,571,117
322,406,408,395,500,132
327,402,404,370,408,149
334,397,402,390,317,157
340,390,398,356,253,195
351,387,399,395,235,244
364,375,404,333,194,287
378,365,411,365,175,351
388,361,415,368,251,402
393,354,416,359,202,411
389,336,412,382,202,435
389,321,412,383,241,349
386,321,413,391,231,285
382,318,412,400,289,217
376,314,417,396,254,226
370,315,422,397,326,175
365,323,426,393,328,139
356,334,425,397,339,114
348,347,428,394,366,122
341,353,431,420,470,110
330,354,430,400,564,102
321,361,429,393,496,89
314,364,427,389,473,74
307,375,424,391,486,76
307,382,422,387,503,71
301,387,418,395,533,64
295,397,414,376,549,55
297,405,410,398,474,70
304,412,410,372,404,77
312,416,405,382,357,86
321,412,400,345,288,99
336,412,402,368,270,142
351,406,402,325,218,186
365,400,408,375,190,230
375,386,407,375,193,299
383,361,408,371,184,474
390,345,411,379,211,463
393,338,415,359,323,484
395,326,416,394,330,456
393,329,425,409,319,414
392,316,421,418,349,617
393,326,438,428,315,766
376,321,412,422,344,868
376,326,442,435,495,855
356,334,430,429,458,784
341,345,429,435,468,711
332,350,427,389,445,677
325,355,426,390,524,580
319,359,422,389,445,454
316,369,420,387,417,340
313,375,418,394,496,246
313,381,418,389,514,184
308,383,415,391,765,141
306,395,414,362,745,147
311,399,413,383,643,139
310,408,411,311,571,147
321,421,413,367,492,166
330,418,410,328,373,155
342,406,409,377,290,229
350,393,407,366,302,240
359,384,409,394,237,362
374,377,408,416,204,355
382,367,407,415,181,294
391,353,404,447,249,280
392,349,405,370,224,225
395,334,407,393,281,213
391,328,409,404,341,175
386,329,412,403,315,234
377,329,415,395,349,286
371,327,420,383,341,236
365,329,432,407,303,214
355,336,433,393,328,221
345,340,436,396,367,219
336,342,435,392,393,236
328,351,432,397,389,251
325,353,428,395,348,251
321,356,424,374,367,209
319,365,420,391,465,182
322,371,418,386,467,141
323,377,416,388,479,109
322,387,414,377,466,88
319,393,412,392,624,77
317,401,411,350,597,67
316,408,409,371,487,58
321,411,406,320,432,77
326,411,401,368,360,74
335,409,397,316,301,99
345,402,395,370,258,96
352,394,395,330,227,176
363,385,396,377,270,252
371,378,399,335,218,228
375,367,401,387,209,247
377,357,402,345,223,272
380,351,410,393,220,245
382,347,412,498,248,218
381,347,420,490,265,268
378,345,424,351,230,208
379,345,429,483,277,192
374,354,434,560,244,171
369,345,434,425,246,155
362,353,439,384,222,139
353,351,437,297,314,127
348,361,439,351,337,151
343,370,441,401,438,140
336,380,439,430,432,136
331,382,434,485,429,107
317,389,426,507,482,95
314,394,424,512,419,100
309,396,418,479,414,83
303,395,409,472,347,73
303,398,404,424,429,61
306,401,400,448,357,62
309,398,395,376,338,84
315,407,393,390,305,104
327,405,391,357,274,158
341,404,391,364,263,184
353,395,391,346,269,213
359,389,391,352,248,212
363,381,391,394,292,184
361,367,391,346,248,179
362,358,392,411,231,191
361,348,399,387,212,185
359,346,400,387,233,302
364,341,411,388,290,553
370,344,421,386,258,890
374,348,428,392,265,980
378,350,432,383,303,981
382,356,443,397,318,981
379,366,439,383,420,982
372,370,436,390,447,982
361,368,438,385,534,981
357,368,437,408,456,980
352,383,440,417,399,980
351,393,438,426,359,905
353,403,439,425,309,778
352,417,433,404,316,664
351,425,428,406,314,559
348,432,419,374,359,454
343,434,407,410,433,363
333,435,396,389,469,296
322,418,383,400,481,276
310,405,374,366,463,243
301,392,375,354,384,204
297,382,377,387,362,168
296,370,381,328,365,130
296,359,388,400,349,113
299,346,394,329,299,132
299,333,403,422,347,134
304,321,410,379,300,157
312,317,417,432,288,171
324,319,425,447,269,210
337,325,429,400,290,210
354,329,432,410,259,275
363,332,431,382,226,261
373,343,433,417,259,237
383,343,430,392,244,227
391,356,435,415,246,192
392,364,433,417,343,206
390,370,431,440,365,214
394,392,431,380,378,242
392,405,434,376,438,241
384,418,434,420,404,271
374,438,431,433,459,292
361,446,424,482,471,313
345,442,414,432,463,337
330,421,402,438,471,369
315,416,397,382,465,367
298,409,389,359,382,344
292,398,385,338,349,300
288,385,383,331,331,263
287,372,386,363,376,231
288,355,390,307,313,205
291,349,397,397,357,189
295,339,402,388,359,175
299,328,411,429,343,173
303,325,416,391,318,168
313,324,422,383,250,223
324,326,426,425,247,254
338,331,433,409,242,282
357,334,436,508,224,319
369,350,439,409,247,329
384,347,437,353,208,366
385,355,434,328,217,324
391,359,429,461,264,413
395,368,432,358,344,398
395,377,425,349,327,412
391,386,427,381,269,406
388,392,426,397,291,374
380,414,424,456,315,328
373,423,421,371,292,320
365,427,416,458,314,286
353,426,410,450,338,247
339,428,405,431,405,200
324,416,395,411,455,155
307,404,390,368,445,116
295,396,387,360,463,93
289,389,388,325,468,79
289,380,392,369,417,80
289,373,394,333,395,92
292,358,400,387,352,95
294,348,404,345,321,97
300,338,411,429,268,108
305,329,419,384,231,122
316,327,426,421,208,115
327,324,432,412,231,166
343,330,439,429,256,192
362,334,437,424,215,212
371,352,437,389,251,177
389,352,440,404,268,150
397,351,433,392,226,145
396,359,435,418,289,150
388,355,426,384,305,160
383,368,428,422,322,173
382,382,426,404,301,174
375,384,425,310,340,180
367,396,421,293,371,169
363,409,421,270,332,172
359,421,420,293,304,151
351,430,417,302,390,142
341,432,412,362,387,120
330,430,408,334,402,96
317,416,398,407,560,81
304,398,391,319,444,65
297,390,390,370,404,60
294,380,388,295,379,66
297,370,393,390,322,57
299,357,395,309,297,57
301,347,397,397,253,55
305,337,402,336,212,66
308,333,407,443,210,57
312,333,412,408,207,57
319,331,416,458,235,75
326,333,419,412,199,81
341,334,425,437,292,127
354,339,431,393,266,119
362,346,427,377,331,146
376,353,433,326,315,154
378,353,427,303,348,165
385,361,434,340,388,176
381,364,428,376,440,173
377,363,429,400,355,198
368,371,424,383,330,226
367,382,429,421,335,232
362,396,424,402,340,244
361,408,426,432,340,258
356,419,419,399,382,234
352,425,417,380,399,210
345,428,411,386,475,183
335,425,406,351,469,161
323,415,401,410,491,124
312,405,397,350,476,98
305,393,392,402,400,77
303,382,392,334,427,61
299,374,390,397,420,48
300,365,394,299,322,47
301,358,396,402,354,45
305,346,401,310,306,60
307,336,403,413,261,67
310,329,409,343,315,63
312,327,413,414,249,58
316,325,419,414,204,58
322,325,422,475,188,64
330,324,425,592,173,79
343,326,430,495,202,138
355,334,429,467,203,148
364,344,429,474,219,135
377,348,433,390,222,115
381,349,426,421,208,106
383,358,428,414,222,99
385,359,425,424,233,91
379,372,426,442,273,81
375,376,424,343,316,78
370,377,420,318,365,67
364,390,421,365,337,63
357,402,421,390,370,56
351,416,423,385,375,43
345,429,424,396,483,46
335,433,421,419,440,46
320,427,415,418,503,41
309,416,409,415,562,35
300,402,401,415,462,37
293,388,394,408,431,45
293,374,393,399,395,43
295,360,392,386,336,34
296,347,393,360,387,47
301,333,395,387,317,57
302,328,397,357,276,67
306,323,402,391,240,77
312,323,410,421,254,87
320,322,416,407,239,119
332,324,420,409,207,101
345,329,428,433,209,97
358,328,426,438,202,94
366,338,428,335,231,79
371,342,424,349,231,67
377,344,427,362,272,58
378,345,426,441,296,53
375,352,426,438,274,45
375,355,423,444,310,45
372,362,423,376,345,46
371,372,421,386,333,45
372,387,430,426,385,40
370,403,432,415,367,62
366,414,427,418,343,65
359,426,429,400,306,73
350,427,425,402,355,120
342,429,420,424,400,147
332,423,415,367,375,159
322,409,404,412,367,152
310,398,397,351,360,132
302,389,394,406,359,110
297,378,390,349,354,85
297,369,390,397,306,70
299,359,393,315,324,62
301,350,394,407,293,77
304,340,398,341,256,71
306,334,402,399,274,65
311,331,406,367,266,63
315,332,413,418,230,62
323,332,416,435,231,73
331,333,421,463,233,69
341,337,426,419,220,55
350,341,422,259,213,51
360,345,427,219,295,61
366,351,423,299,242,65
373,351,425,438,226,62
374,350,421,462,257,68
380,359,422,460,296,63
378,364,418,438,300,58
375,368,416,409,317,48
375,380,418,487,323,43
378,394,422,394,346,47
375,407,422,396,322,46
371,418,424,406,384,49
365,429,424,406,394,53
353,435,422,369,428,53
338,431,414,409,413,53
328,421,410,372,403,61
314,412,403,406,439,63
305,405,399,389,582,62
298,393,393,417,499,54
296,384,391,374,497,57
296,373,392,408,460,48
296,359,393,361,424,52
299,349,396,410,389,51
303,337,399,350,333,46
306,332,404,415,287,57
311,329,411,363,244,57
316,329,415,444,245,70
327,331,420,455,227,65
340,337,427,652,229,74
349,340,424,605,253,91
362,346,423,504,274,91
372,354,424,479,268,96
384,357,425,512,286,99
388,356,422,482,287,104
392,363,423,498,258,96
393,366,423,443,221,100
391,376,428,454,280,89
386,379,423,358,367,83
383,387,423,369,341,76
381,402,427,366,395,65
373,419,426,434,467,50
367,429,424,398,451,50
358,434,422,415,460,49
347,439,417,403,471,49
336,435,408,420,467,44
322,425,399,426,476,44
318,417,394,444,413,43
307,409,389,398,357,39
301,394,384,406,330,33
297,382,385,354,316,37
297,368,387,400,291,46
300,355,392,351,319,42
298,345,397,408,264,43
298,333,403,355,308,39
299,328,408,411,246,36
303,325,413,372,281,32
308,324,420,432,232,49
316,331,427,423,202,65
325,341,430,447,196,129
342,338,429,173,264,121
356,349,431,137,265,97
368,357,429,173,277,87
379,362,430,438,334,75
390,368,428,337,369,66
392,372,424,412,407,62
392,377,421,389,444,54
388,383,424,453,414,51
383,390,422,379,402,55
380,393,420,369,418,53
373,403,420,348,449,44
365,415,420,344,507,42
359,425,418,313,516,32
350,429,416,353,467,28
342,429,410,357,492,41
330,425,402,416,517,49
319,413,395,373,459,65
308,401,390,406,487,88
297,385,385,358,438,126
294,375,386,392,375,125
296,364,386,329,358,116
295,351,390,381,339,101
296,340,393,366,348,89
297,331,396,385,310,92
302,327,402,388,272,97
305,325,409,414,275,110
312,327,415,418,276,104
320,332,416,535,309,80
330,342,426,627,314,67
345,345,423,565,326,64
356,350,427,532,290,57
363,358,428,500,278,52
375,361,428,527,270,58
380,365,429,486,297,61
385,372,425,488,366,56
384,369,420,443,334,73
381,380,423,409,286,64
389,396,428,386,312,96
389,401,430,376,331,93
383,412,428,403,367,87
374,416,429,406,406,72
364,421,425,404,418,71
351,425,419,413,470,63
340,425,416,437,592,49
331,425,408,424,547,45
322,420,399,414,500,40
311,415,394,412,477,36
304,403,390,402,416,56
298,390,385,410,386,63
298,377,385,407,339,52
299,363,385,402,287,66
298,350,388,409,250,63
299,339,394,410,239,74
301,331,400,419,236,88
304,326,407,431,284,88
307,324,414,465,271,119
312,323,420,424,253,148
320,328,422,372,233,120
329,331,429,472,226,93
341,339,429,469,207,83
357,348,427,446,231,76
366,352,430,378,280,64
374,355,425,457,253,60
383,363,425,340,287,66
381,364,421,436,310,72
377,367,421,388,346,71
378,376,418,394,350,67
372,378,419,335,346,60
373,396,423,360,498,51
374,412,425,381,490,46
371,422,425,499,505,40
363,433,424,459,541,37
354,438,418,468,718,39
342,434,413,428,709,42
331,425,409,431,635,44
318,409,398,401,616,47
309,397,394,421,575,63
301,386,390,377,484,81
299,380,390,402,440,81
299,370,390,370,457,74
299,355,391,405,395,84
299,347,395,371,388,72
303,339,398,399,304,68
309,330,404,376,242,70
311,326,410,424,302,84
316,326,417,419,272,69
321,327,423,469,229,96
329,328,426,474,199,98
336,328,429,519,241,79
344,334,431,472,264,92
358,343,430,404,241,94
368,348,431,454,260,77
374,351,427,501,421,76
378,356,426,473,375,73
380,360,426,456,420,69
380,369,421,402,406,56
377,377,423,358,438,74
380,394,429,367,426,60
376,404,429,386,411,51
374,422,429,398,459,42
369,428,429,408,405,35
359,429,424,408,423,36
347,428,416,413,418,40
334,426,410,420,438,37
321,411,402,423,378,30
309,401,395,411,379,32
301,390,389,407,380,42
298,381,386,398,430,44
298,374,387,405,333,42
299,363,386,403,368,36
301,350,387,402,298,46
304,341,391,405,233,40
307,333,396,405,201,52
310,323,404,425,178,60
315,320,413,432,178,71
319,319,423,466,219,85
325,324,429,485,208,63
333,332,438,390,246,52
344,338,439,354,270,67
357,341,434,261,260,58
363,347,431,409,270,77
369,350,429,469,265,68
373,348,423,465,245,65
374,354,419,467,277,67
374,359,415,416,269,56
373,366,415,398,267,51
374,379,412,372,277,46
368,383,413,348,286,48
363,400,417,371,312,49
360,411,420,398,453,62
354,424,420,399,453,57
345,428,418,403,419,49
334,428,412,403,404,39
321,417,404,416,414,38
311,407,399,404,471,35
304,397,392,414,556,33
298,385,388,395,476,34
295,376,387,398,438,31
295,366,387,375,411,70
296,359,390,393,408,65
301,348,393,366,359,53
308,345,399,380,299,48
312,344,405,357,277,55
318,343,411,377,255,45
325,341,417,308,282,66
333,342,421,397,263,56
343,347,426,392,250,56
355,352,425,455,296,63
359,356,429,414,326,53
365,361,430,505,342,57
373,363,427,525,387,53
371,363,431,577,336,47
367,362,423,540,383,46
367,364,420,544,455,47
364,366,422,505,449,46
358,368,418,498,573,47
357,376,420,455,546,50
354,383,425,455,530,47
350,393,424,426,613,50
345,405,424,430,612,69
341,420,427,411,524,73
338,429,425,433,535,79
331,432,417,407,497,73
324,427,407,443,691,63
318,416,395,409,682,52
313,401,386,423,739,42
306,386,383,373,626,37
304,377,380,381,508,39
306,366,379,357,557,38
305,357,381,380,597,40
304,344,385,348,507,42
302,336,392,361,411,43
303,334,398,320,362,60
305,333,405,357,320,62
311,333,413,339,315,71
319,334,423,406,347,70
326,344,432,447,367,414
345,351,438,468,342,849
359,354,437,557,382,982
366,359,437,534,444,982
377,362,435,503,451,981
384,365,432,506,402,980
387,371,433,416,398,982
385,370,431,369,437,981
383,372,428,326,399,980
375,374,426,273,436,941
370,376,425,256,617,849
363,390,424,262,729,786
355,398,422,327,698,714
351,414,425,410,705,625
345,431,426,388,619,549
337,437,420,423,700,479
327,435,411,382,705,440
317,420,398,402,684,419
309,410,386,379,653,394
297,394,379,391,538,330
294,384,377,397,593,266
295,374,378,361,551,205
296,364,380,383,446,167
298,352,384,314,388,155
300,346,389,376,342,128
301,340,396,290,282,104
305,336,403,362,259,78
311,334,409,328,259,94
318,340,416,373,264,141
330,348,422,396,234,163
341,353,423,442,287,202
352,356,424,478,295,227
362,365,424,544,277,222
373,365,424,529,275,230
377,367,425,434,277,232
378,368,420,548,298,219
378,373,424,433,375,239
379,372,421,428,354,265
369,372,419,364,340,290
363,377,417,397,431,294
363,386,418,366,433,294
360,398,418,294,457,310
358,408,416,375,420,319
355,419,415,351,455,294
352,430,414,401,596,267
345,432,411,377,531,234
336,426,403,403,598,218
326,417,396,406,535,226
317,406,394,401,548,235
311,392,387,410,486,256
306,384,385,342,424,269
305,374,385,394,399,287
308,363,385,340,363,277
308,353,389,383,323,269
310,346,391,353,286,256
312,342,396,377,301,226
316,340,402,380,252,226
319,340,411,405,385,228
325,345,416,437,313,224
336,350,418,418,323,216
348,358,421,441,304,248
359,367,423,373,387,229
366,370,423,429,399,210
369,375,424,472,391,191
377,382,421,461,373,165
377,380,418,453,400,157
369,378,415,391,394,148
365,385,417,387,417,149
359,393,421,370,562,156
351,397,420,358,550,155
345,406,422,351,608,157
339,423,425,403,631,160
341,441,428,408,655,153
337,443,422,401,665,142
328,432,409,415,660,150
324,422,400,382,574,160
317,414,392,398,564,166
310,400,386,368,476,169
303,389,382,379,474,166
301,382,382,381,570,178
305,374,382,390,497,155
308,368,384,408,465,124
310,356,387,358,426,102
316,345,388,390,386,84
316,336,394,324,295,79
320,331,398,380,232,94
324,325,406,366,227,96
329,324,414,412,193,96
334,329,420,411,296,280
343,333,422,446,260,515
352,339,426,411,284,651
358,348,427,434,278,717
366,354,428,444,272,740
370,359,427,460,264,723
376,361,425,472,301,714
374,366,425,438,340,696
376,372,425,401,369,671
371,380,426,366,343,596
364,384,426,391,345,527
360,396,427,332,325,493
353,403,428,373,387,468
344,414,427,398,391,431
335,418,420,412,400,383
324,418,414,420,412,340
317,413,410,394,441,334
307,404,396,398,415,320
302,398,389,358,384,300
298,387,386,395,382,250
298,378,383,364,331,189
300,367,382,388,308,144
306,360,385,386,304,116
312,354,389,392,316,100
316,351,394,406,236,109
321,346,400,349,193,99
326,341,405,370,166,108
328,336,413,294,179,98
331,339,419,330,201,117
339,348,421,339,172,113
349,356,423,402,169,98
354,360,424,429,195,77
362,365,423,432,236,71
371,373,423,374,243,60
373,371,423,395,306,62
370,372,421,507,342,65
370,379,423,432,307,70
366,384,426,413,361,91
357,387,424,412,358,123
351,393,426,407,405,149
346,403,428,450,448,160
338,413,424,449,441,177
334,415,425,434,478,191
325,425,419,440,639,205
319,426,412,400,724,202
315,424,405,418,692,196
309,418,396,400,799,187
306,413,390,426,860,207
300,403,382,404,801,190
300,393,378,406,881,168
298,386,377,404,782,171
301,379,379,380,725,185
307,373,381,403,763,195
313,366,385,335,689,211
320,357,387,377,613,197
325,347,395,311,573,168
327,340,403,363,519,134
327,337,408,341,491,117
324,327,415,375,396,112
326,329,426,405,338,119
330,330,425,419,351,123
340,333,429,481,474,408
349,344,429,607,459,648
360,351,425,565,478,775
367,355,428,498,520,822
372,360,425,536,550,788
376,365,418,478,516,735
377,373,419,423,580,701
379,382,421,436,554,654
380,397,423,342,567,579
372,401,422,360,568,478
368,409,424,335,517,379
357,415,422,364,546,308
343,420,419,357,515,238
331,415,414,394,502,175
320,412,407,404,456,129
312,406,400,382,477,100
305,398,394,394,494,89
299,388,390,357,404,73
296,381,389,393,442,67
299,375,390,355,388,90
304,368,392,393,332,141
310,359,395,334,318,168
317,355,399,394,350,197
325,350,404,326,332,221
330,346,409,367,318,222
336,342,415,335,325,212
347,342,417,405,313,200
353,346,422,421,351,196
357,346,424,354,295,176
363,352,426,423,301,154
368,358,426,444,363,154
372,359,424,592,329,146
368,359,423,514,358,139
368,371,427,481,407,127
359,377,428,451,544,112
352,379,429,470,555,120
344,387,427,462,605,138
339,395,428,422,613,159
335,404,427,430,585,193
332,412,427,403,572,217
329,418,424,420,562,232
325,420,417,393,571,275
320,419,409,409,506,283
314,425,400,412,474,263
310,404,396,414,634,248
303,395,388,419,515,249
299,386,386,370,558,257
300,378,384,404,478,259
305,370,384,346,505,265
310,360,388,395,455,264
315,351,390,364,362,249
320,342,394,392,386,225
321,336,400,391,323,216
324,330,406,365,270,193
329,325,413,436,233,192
333,324,417,439,314,220
334,326,424,475,315,447
346,334,425,394,253,562
354,341,427,390,232,592
360,345,427,374,308,568
368,351,429,441,266,506
376,357,424,462,294,469
376,365,429,392,266,454
376,371,427,324,271,419
381,376,426,344,360,399
377,390,433,362,311,339
372,401,436,307,311,268
367,410,439,359,367,218
359,414,432,380,404,187
350,416,430,392,471,188
341,417,424,398,468,169
332,411,412,360,470,133
322,405,407,387,447,152
311,394,399,363,469,193
306,387,397,403,415,218
302,378,394,390,393,240
301,371,396,415,422,253
306,363,396,416,360,264
311,354,401,391,325,323
319,346,406,422,391,351
323,338,409,374,310,346
328,333,414,417,269,368
335,328,417,372,284,366
339,328,420,430,232,326
347,332,427,432,237,290
362,338,429,444,304,239
364,349,430,361,338,207
379,356,433,345,458,170
383,359,433,381,362,129
382,366,434,363,384,98
386,365,433,426,422,87
386,366,430,371,398,80
384,365,424,417,437,82
374,365,421,395,490,112
363,373,417,412,517,165
364,380,414,379,450,202
358,382,415,441,455,220
357,405,413,412,524,252
358,425,416,431,532,280
352,432,413,419,520,256
342,422,406,386,598,245
328,415,405,412,593,238
316,393,395,364,460,232
307,387,390,399,552,216
301,377,390,363,470,190
300,364,389,391,536,178
303,352,390,383,429,143
305,345,396,373,532,133
308,337,401,387,428,127
311,335,407,303,337,156
317,334,413,301,327,159
324,335,420,292,302,158
330,336,426,369,257,178
340,344,428,383,247,146
351,349,427,421,223,121
359,351,428,476,274,118
365,355,425,492,241,261
367,358,429,464,301,347
370,359,426,428,304,386
369,363,426,460,303,375
366,365,424,335,301,355
366,376,426,355,351,322
365,382,427,364,364,298
360,389,428,362,427,272
358,401,429,375,473,227
351,412,429,385,482,171
346,416,427,442,566,144
342,419,422,374,494,139
332,418,414,407,461,151
322,412,406,384,429,160
317,402,401,407,396,174
311,396,395,419,409,171
304,387,390,405,381,176
299,382,388,424,377,172
301,374,389,371,341,163
303,367,393,412,369,177
308,360,394,359,340,208
315,353,400,398,274,225
319,348,404,387,318,219
323,346,409,403,277,219
325,343,414,418,243,229
331,342,417,396,276,231
333,345,422,422,331,246
340,347,424,401,315,230
346,348,424,449,349,236
350,346,422,376,337,227
353,353,425,476,348,218
357,356,425,460,345,221
361,363,425,537,436,208
361,362,425,503,436,196
357,374,431,478,364,182
362,378,421,467,353,185
355,378,426,426,398,191
356,389,423,418,371,208
355,399,423,410,511,218
351,409,422,439,542,220
347,410,418,428,544,255
342,412,414,419,525,252
335,412,408,418,450,227
327,410,404,392,454,218
319,405,399,421,487,206
312,396,396,391,425,183
304,387,391,411,402,166
302,382,391,394,350,156
304,374,390,408,396,135
308,367,392,419,359,128
313,361,396,384,322,110
318,355,399,415,371,87
321,350,404,366,292,69
324,345,407,407,259,63
327,341,412,372,231,73
330,340,415,402,214,80
335,345,420,403,196,69
343,350,421,417,250,68
348,354,425,447,257,55
355,356,422,457,304,47
359,362,423,442,294,49
361,365,422,469,343,72
359,370,422,453,351,82
362,377,424,457,386,82
366,377,421,422,448,98
359,378,421,425,415,74
352,385,419,397,440,71
350,394,416,375,365,69
347,400,418,340,344,65
337,410,420,380,350,79
334,418,417,379,341,88
332,427,416,413,366,85
328,433,414,393,491,73
323,429,408,419,518,64
319,423,401,404,642,55
317,414,400,430,650,55
310,398,388,401,685,46
306,385,384,420,664,45
304,376,380,395,697,45
305,369,380,416,644,72
306,363,382,385,619,58
311,358,384,411,519,51
315,353,390,386,524,51
320,345,394,414,453,53
323,341,401,404,454,63
326,342,408,434,413,68
329,336,415,487,469,59
329,340,420,474,437,59
334,353,425,470,388,297
338,363,434,508,375,588
349,367,435,482,414,709
353,373,433,507,480,753
359,375,430,473,441,747
363,375,425,415,405,721
363,377,424,382,396,691
368,389,423,372,399,639
365,391,421,387,445,577
356,396,421,363,666,517
351,403,421,359,534,448
344,403,418,325,508,394
337,411,417,367,448,369
334,415,414,339,468,353
329,416,410,385,508,336
324,414,405,397,729,321
316,409,395,406,726,288
312,401,393,426,695,278
305,391,387,398,688,285
301,380,382,422,679,252
300,372,381,382,689,191
302,363,383,408,583,153
305,360,386,389,618,121
310,351,392,411,550,99
310,341,393,396,484,91
309,331,400,403,391,83
310,333,405,410,414,82
316,339,408,401,407,85
321,352,410,391,361,92
333,362,410,387,356,92
341,377,412,380,420,111
353,386,411,408,455,167
356,388,408,419,536,285
358,386,403,401,506,415
356,394,409,409,491,476
358,398,412,374,457,514
355,402,417,391,606,528
351,403,420,388,588,509
347,407,423,389,625,474
343,405,425,398,644,422
340,402,427,406,668,367
335,405,427,418,772,293
333,404,426,404,900,231
330,406,425,421,923,179
327,406,422,370,738,142
325,407,417,411,851,111
324,409,412,395,910,120
320,411,408,424,980,123
315,407,400,422,873,121
311,404,392,410,785,89
307,398,389,413,702,69
302,389,385,398,630,72
301,382,384,409,582,80
304,372,385,395,491,117
309,363,386,400,398,113
314,353,392,361,316,120
319,342,397,391,279,113
324,333,403,361,245,121
325,320,410,393,205,126
328,313,419,400,228,103
332,311,422,428,273,83
333,323,427,404,227,74
338,332,423,437,208,70
350,339,423,474,211,57
358,342,423,514,195,56
366,343,418,516,237,57
376,351,416,499,292,56
382,363,418,461,249,63
383,369,417,436,219,68
387,378,417,418,212,90
391,386,425,422,241,101
386,396,422,413,236,107
376,403,423,414,293,111
368,403,421,421,247,123
352,410,420,404,293,134
334,410,417,412,405,160
324,407,407,395,384,182
309,400,401,407,393,180
301,393,398,393,385,175
298,385,395,399,393,182
295,381,394,408,371,195
300,371,397,385,455,201
305,366,399,414,601,204
311,358,403,342,692,175
320,349,405,387,714,219
331,345,410,333,768,252
342,340,412,387,799,332
362,350,417,375,797,296
378,365,424,372,695,250
383,367,421,407,650,216
378,367,419,422,634,162
373,368,416,351,530,166
368,364,416,331,526,177
360,362,419,358,515,172
352,364,419,334,526,181
347,366,422,348,534,175
343,367,423,297,519,165
339,364,424,271,428,136
338,366,428,324,457,98
336,375,427,364,438,81
338,380,427,385,482,67
339,384,426,384,489,60
340,396,426,412,519,52
341,408,424,410,484,43
341,413,421,414,466,55
334,413,412,423,536,80
329,409,404,423,527,95
323,407,398,412,534,96
317,403,392,417,607,86
313,397,387,411,829,126
311,392,386,412,755,140
310,380,384,352,622,137
312,372,384,388,580,126
313,361,388,336,515,132
318,359,393,382,499,107
322,351,398,364,407,82
324,348,406,386,368,62
328,349,413,379,314,82
333,350,415,398,279,152
336,347,419,403,219,215
338,343,416,421,188,313
344,346,416,465,225,523
351,352,413,476,335,713
354,353,415,471,362,801
358,359,419,437,408,874
362,355,413,472,423,891
360,357,414,385,401,883
357,358,415,388,415,878
353,362,416,379,392,850
349,364,417,386,404,790
346,379,421,385,501,755
349,400,425,353,474,710
348,410,428,381,467,668
345,420,428,362,441,619
338,432,425,394,448,570
330,431,417,392,460,523
322,421,409,400,409,472
315,412,401,410,493,433
303,402,395,401,594,360
299,395,392,416,569,266
298,384,387,376,506,196
297,376,387,404,476,141
299,371,389,370,434,113
305,362,391,396,363,86
309,353,395,373,296,105
316,349,399,411,351,120
322,350,404,411,304,123
331,349,410,375,278,146
338,349,413,387,271,179
342,350,417,390,299,169
350,358,422,425,374,153
361,362,426,433,426,152
361,362,425,367,348,137
361,365,423,373,352,120
365,363,422,408,363,103
363,366,425,506,413,83
361,363,420,469,495,66
358,364,428,501,530,53
357,377,427,479,519,46
357,378,429,464,518,63
352,382,428,427,638,97
348,385,425,435,728,122
342,395,425,406,705,150
337,409,427,428,695,167
333,419,426,391,594,178
326,426,422,421,595,188
323,430,416,407,622,192
318,425,409,432,634,232
313,416,399,436,705,257
309,417,383,416,595,242
302,387,381,418,523,208
301,378,378,375,466,170
303,369,379,392,462,144
306,359,384,354,578,114
308,351,387,382,559,90
313,341,392,355,681,84
310,338,399,387,694,97
314,336,406,348,568,89
320,335,414,376,521,114
325,337,420,362,417,115
334,345,426,391,347,106
344,353,427,425,373,112
353,361,426,449,322,129
364,366,428,413,433,179
367,373,429,382,489,168
369,377,431,404,559,144
367,375,425,394,612,160
366,375,431,489,707,145
364,375,430,490,668,126
