4\xfeX axis acceleration,Y axis acceleration,Bicep signal,Shoulder signal,Tricep signal,Forearm signal
510,580,106,122,50,190
523,582,103,113,44,189
524,587,154,109,45,194
551,592,161,102,45,287
562,576,204,102,41,319
574,553,213,90,36,346
571,520,193,88,35,328
579,503,173,86,31,297
571,483,148,76,31,279
567,478,144,79,28,300
568,463,128,83,28,331
571,440,150,93,31,328
576,430,137,95,30,369
579,431,126,95,27,425
582,415,160,100,34,436
589,400,143,113,38,440
574,390,116,113,39,407
562,396,120,107,47,474
548,419,112,105,61,420
522,418,86,145,61,461
493,411,65,144,58,370
473,412,68,163,65,301
460,438,57,160,66,302
456,453,55,161,66,278
470,457,48,185,76,246
441,510,51,173,65,233
454,551,45,142,61,223
485,565,99,125,55,217
474,576,88,105,56,273
518,561,136,97,49,247
515,556,149,89,50,234
514,561,171,91,48,229
532,556,247,105,48,296
548,540,243,105,51,336
557,531,285,102,48,370
579,530,252,94,46,416
603,523,262,106,51,433
615,506,247,101,61,492
617,474,221,94,55,575
613,460,240,98,67,643
610,428,283,92,65,614
597,412,306,97,57,498
581,393,309,105,51,673
559,377,256,105,45,585
545,360,248,122,57,617
529,363,199,116,52,481
511,409,150,114,48,388
489,438,114,113,72,359
466,424,84,104,69,299
462,408,73,105,60,334
459,473,56,103,72,304
486,470,53,111,74,246
451,484,42,112,76,190
450,477,41,123,75,228
447,529,32,126,72,249
458,532,53,127,88,283
440,567,43,125,87,292
438,585,92,115,76,275
482,573,122,121,70,261
488,571,135,127,71,248
509,570,182,134,62,301
534,576,193,136,59,337
546,570,199,125,50,354
565,555,264,117,43,380
588,555,244,114,40,487
607,546,288,120,36,509
631,518,243,124,46,538
629,490,254,118,53,580
621,451,259,128,47,568
612,429,258,148,62,514
599,400,281,170,57,557
579,373,269,146,63,624
567,372,244,151,50,571
539,362,218,128,54,472
523,344,287,132,48,387
509,407,248,152,59,350
482,430,194,138,73,288
455,425,171,156,86,242
442,455,150,150,107,238
432,463,134,173,135,178
437,459,123,170,124,139
433,458,118,214,134,106
437,474,99,260,147,89
392,568,90,241,140,103
438,599,67,195,121,133
449,627,80,177,100,238
479,625,98,159,99,229
481,598,111,137,90,299
489,586,157,139,81,343
513,594,180,132,71,362
554,616,187,106,63,518
567,624,205,114,67,550
591,584,226,106,65,538
595,532,222,93,64,632
595,516,179,81,59,541
596,505,175,85,62,628
586,465,178,97,55,637
586,417,169,107,53,665
584,389,176,110,50,669
581,381,203,116,53,740
568,362,229,135,47,668
561,354,232,135,58,658
548,360,212,141,75,580
525,379,218,121,68,474
505,385,191,121,80,383
478,401,172,110,78,270
452,407,166,110,71,236
444,463,164,160,97,243
432,475,160,187,106,184
426,468,138,245,109,169
417,527,118,236,112,133
424,558,98,198,102,139
448,600,77,199,100,169
444,577,69,186,83,195
441,554,87,147,81,243
469,556,72,130,71,219
473,571,89,117,67,233
518,594,127,115,76,292
517,610,136,125,74,388
545,629,190,114,66,399
552,631,200,127,63,487
579,605,173,102,62,562
588,558,204,118,72,574
584,523,323,115,58,693
589,473,290,131,50,596
583,434,334,131,55,575
588,406,248,120,58,600
592,390,274,131,67,596
600,375,293,143,66,597
595,366,314,146,69,564
579,338,286,137,67,483
561,338,302,152,61,431
537,368,289,136,55,387
513,394,267,126,48,373
488,409,240,126,71,309
458,423,217,114,67,295
446,438,188,129,87,294
442,438,179,131,80,226
440,446,159,165,125,179
439,488,133,159,142,179
463,520,99,190,138,148
457,530,109,216,143,152
444,530,96,190,131,230
447,547,98,180,108,226
463,544,94,172,108,233
461,563,88,175,106,279
474,535,122,138,88,226
493,510,98,129,87,291
495,535,124,129,79,267
534,537,135,113,72,350
555,545,216,110,63,483
581,577,318,107,56,518
609,566,330,131,74,519
620,537,403,130,69,532
628,500,427,136,74,576
631,456,367,149,75,545
627,423,326,140,66,490
626,390,381,149,65,496
619,370,343,153,70,581
617,367,336,143,77,591
597,342,322,158,94,457
572,360,323,127,77,367
541,408,318,143,90,330
491,416,293,135,88,254
456,412,259,156,92,226
442,422,210,157,118,218
438,444,217,162,118,177
431,464,177,158,108,149
447,497,137,170,99,170
443,531,106,193,99,192
449,552,85,227,117,180
455,555,79,228,125,208
457,553,102,178,107,248
465,558,87,168,100,223
481,563,100,164,83,227
493,552,89,151,80,251
499,535,178,149,82,256
500,550,196,138,82,255
546,556,185,124,75,303
564,566,220,149,61,324
599,554,270,130,55,320
610,547,443,121,50,411
638,540,370,117,49,506
652,503,383,114,45,486
649,454,413,123,57,404
652,425,383,157,57,436
648,418,341,179,57,460
635,371,295,160,61,551
626,371,271,157,57,574
595,391,216,142,58,504
564,402,233,149,70,470
519,383,208,135,82,351
476,423,208,122,85,318
453,462,204,150,117,272
425,447,192,164,125,211
422,437,185,169,125,172
436,472,181,142,104,167
451,501,150,121,87,141
447,517,117,153,72,120
446,536,112,119,57,141
461,535,110,136,59,144
465,554,106,128,59,215
481,559,105,149,71,379
496,569,107,140,62,436
529,556,207,161,58,455
526,566,211,169,60,400
559,566,204,174,69,482
579,574,247,185,74,514
598,542,269,178,69,526
592,541,284,151,62,499
619,501,254,131,61,478
614,465,352,142,59,473
615,450,404,129,61,509
618,443,398,154,56,597
606,430,409,156,57,514
595,407,409,191,87,521
567,417,461,168,91,500
550,411,501,189,85,374
520,397,567,178,91,288
522,435,464,163,84,231
521,445,376,134,70,189
501,429,293,110,93,144
489,413,240,95,99,135
481,434,218,110,98,143
478,485,201,96,106,204
458,476,212,106,147,248
444,456,226,120,170,240
443,441,221,112,172,295
447,436,202,138,146,242
446,464,176,146,161,256
459,499,155,144,159,259
457,542,139,115,125,239
475,557,147,123,119,264
489,573,135,114,85,250
527,566,156,102,70,279
536,569,232,107,65,294
579,552,241,122,59,435
596,539,242,118,57,552
600,514,237,123,59,700
600,467,233,106,59,661
582,435,218,130,57,635
558,401,213,127,53,627
534,387,173,111,50,570
523,371,142,105,80,746
511,381,120,123,82,629
488,383,101,140,121,523
467,403,103,162,119,453
457,411,96,166,103,447
452,436,81,186,107,405
456,489,74,175,100,422
445,497,59,205,132,299
430,508,61,228,146,295
445,535,65,301,137,288
442,558,48,292,110,225
454,561,66,264,113,194
449,580,104,246,130,171
456,581,163,198,103,177
471,590,152,164,92,339
501,596,246,174,75,350
506,595,268,172,63,417
529,578,381,197,53,429
558,568,567,196,51,393
571,557,517,184,67,485
600,555,533,177,74,488
632,522,395,154,66,490
624,509,364,147,52,530
640,467,332,143,55,661
632,443,282,135,56,584
625,416,243,125,60,568
623,410,221,134,64,573
613,399,189,133,62,601
601,389,195,117,56,585
578,374,185,119,65,508
546,397,168,108,73,546
518,403,136,101,81,401
489,419,133,104,70,332
468,409,112,121,88,280
448,421,89,132,80,271
445,456,78,136,89,255
447,461,79,142,107,234
430,469,66,156,121,186
424,502,57,178,126,207
442,528,44,184,123,229
424,531,45,207,135,244
425,536,44,193,114,257
433,546,65,184,97,244
442,580,88,158,98,273
461,589,172,157,92,329
490,576,184,166,94,303
504,574,219,159,76,337
519,588,221,149,72,399
560,580,231,154,74,389
579,557,338,142,64,504
597,549,360,132,68,535
625,521,398,157,70,558
629,492,347,150,67,479
642,435,329,146,71,407
627,404,338,143,62,382
632,394,304,122,64,454
626,384,247,126,59,434
611,376,288,139,58,448
592,372,274,126,54,452
569,371,241,138,60,355
536,413,238,127,59,393
503,432,190,121,60,364
473,425,158,124,75,301
454,448,151,133,77,332
450,456,134,145,79,249
442,463,134,154,101,203
443,476,130,176,101,295
436,503,103,202,97,236
438,504,92,222,97,185
421,533,75,218,83,154
432,540,68,229,97,169
433,540,61,223,98,148
439,560,64,185,85,300
458,572,83,159,77,271
489,576,171,133,66,309
502,594,191,130,59,278
524,607,268,139,56,258
564,602,345,130,54,324
582,596,306,126,55,354
614,571,294,139,51,428
621,539,304,117,55,498
624,520,373,121,56,490
628,461,402,126,63,522
612,419,403,123,64,482
619,403,380,111,55,496
611,377,455,105,57,462
605,363,431,102,76,410
578,374,354,104,73,398
549,379,386,111,72,406
512,395,320,128,65,416
488,429,278,131,62,397
460,419,238,141,86,293
449,417,222,141,108,261
448,430,192,139,125,263
448,446,192,192,143,228
448,481,177,178,160,251
447,517,156,222,141,244
448,517,120,228,134,174
438,521,109,233,120,171
436,547,83,212,106,227
450,544,63,236,125,186
452,543,62,182,101,204
454,548,65,185,115,196
468,555,97,172,117,234
480,560,104,142,94,192
492,561,160,138,82,304
520,581,183,135,70,293
546,578,336,127,63,376
560,599,330,128,69,403
607,584,295,118,66,441
618,553,299,155,73,449
629,513,323,147,71,510
627,474,294,145,68,521
621,434,239,139,63,559
625,426,344,149,59,581
615,416,382,165,63,579
603,387,348,150,63,581
588,379,355,144,73,688
553,379,353,119,65,572
524,367,317,120,58,495
502,406,296,133,61,483
479,446,269,138,65,438
456,435,251,146,55,430
442,409,212,157,85,362
438,437,214,151,84,339
457,457,189,142,88,300
454,461,165,152,68,255
452,459,136,190,70,256
445,503,110,193,69,243
455,531,118,194,66,264
461,544,87,237,93,225
465,564,74,297,136,184
464,578,86,302,144,253
494,586,99,289,120,195
485,595,121,312,125,227
504,585,141,257,107,220
508,583,195,222,90,333
527,574,212,183,101,356
555,551,274,161,90,377
571,553,321,144,91,537
603,548,333,151,90,679
615,534,351,134,82,737
635,489,403,116,82,676
641,443,432,119,75,704
611,411,425,142,75,711
610,397,334,124,70,644
590,377,317,120,65,548
582,362,371,120,59,596
562,356,303,101,76,521
553,404,317,126,91,552
529,411,283,112,86,556
505,389,269,108,72,427
479,395,248,127,89,478
490,436,210,113,83,402
483,442,201,115,73,360
461,445,201,173,79,372
470,482,169,172,73,381
470,484,130,186,80,289
445,496,112,223,104,262
449,523,88,238,86,260
457,531,80,237,96,214
450,545,60,233,95,220
456,559,93,201,100,274
453,560,109,207,95,237
464,554,123,177,85,281
471,560,130,156,76,285
491,557,206,160,67,318
512,550,171,144,73,302
523,551,261,142,67,360
558,550,333,149,71,364
586,547,383,152,69,410
602,553,395,145,65,408
628,523,381,128,65,480
651,473,416,145,64,474
650,439,359,126,66,472
641,421,331,123,70,530
641,401,355,126,74,502
624,387,472,108,65,449
606,377,377,117,73,480
577,389,343,118,65,510
551,416,304,132,94,511
513,413,261,147,95,423
482,420,222,140,135,367
466,448,183,171,109,338
453,444,148,153,106,264
449,449,143,175,111,238
446,485,122,171,105,279
463,497,99,188,101,234
463,498,74,235,97,186
443,512,58,227,89,220
446,542,47,225,82,242
453,549,54,221,85,238
456,551,83,232,85,213
458,556,99,202,88,209
470,564,184,184,93,264
477,577,239,164,90,240
502,596,262,150,102,331
520,607,328,164,89,306
537,598,387,139,91,313
556,590,394,131,80,306
589,578,420,131,77,389
592,555,433,120,64,473
604,523,384,112,59,578
605,473,347,97,59,518
605,452,299,92,58,568
606,421,358,108,64,542
612,408,356,108,61,575
605,381,424,108,53,501
594,367,335,116,48,558
575,375,273,153,50,464
546,384,226,131,49,414
519,405,217,110,45,385
505,425,209,136,48,357
487,428,173,158,90,307
477,442,156,135,73,276
474,458,131,175,82,234
479,462,111,187,108,232
455,516,97,170,95,243
467,523,78,201,108,296
451,535,62,221,110,226
448,555,47,246,97,221
455,556,66,224,100,289
449,572,72,229,96,235
450,576,105,208,92,229
450,572,123,214,95,207
450,570,145,206,89,272
453,568,173,176,74,243
464,563,255,153,73,255
472,557,279,135,65,288
492,563,379,130,60,316
527,581,352,131,57,304
545,604,414,122,55,348
605,594,438,122,58,568
615,577,380,138,58,657
636,515,343,141,57,664
643,466,294,158,53,524
643,435,271,152,54,502
632,426,365,140,55,516
636,413,296,146,62,576
629,387,331,189,68,562
610,393,307,165,77,510
595,392,321,142,84,454
559,398,335,149,80,432
518,443,261,145,100,391
483,454,288,132,79,381
449,444,261,125,113,323
436,440,307,111,105,323
432,440,267,116,93,316
439,437,242,137,86,257
430,455,222,156,74,279
433,464,187,152,76,267
444,488,163,165,68,225
442,504,136,189,84,262
447,505,117,204,95,237
452,511,89,177,85,205
450,522,83,205,87,193
473,557,103,185,68,216
478,575,156,217,81,189
508,583,163,196,74,220
525,607,194,192,94,352
532,596,238,181,105,440
558,596,204,176,100,443
575,576,192,161,95,500
581,530,180,139,101,551
589,482,263,112,90,470
599,457,201,96,77,415
609,448,228,119,59,423
616,440,246,125,58,401
614,422,338,110,57,517
608,411,335,104,53,550
590,396,293,100,43,507
574,381,319,103,50,447
553,376,323,116,52,370
532,391,335,109,46,312
512,371,282,109,49,266
488,382,255,110,46,232
483,428,293,119,77,286
473,410,272,190,72,221
467,409,233,260,73,233
450,449,241,285,84,308
482,468,208,269,88,267
464,499,200,250,83,286
473,517,163,282,89,317
459,546,143,296,95,270
467,527,133,266,82,228
461,544,123,239,79,214
463,543,102,234,76,201
467,539,133,221,62,182
465,547,101,230,70,306
474,538,175,210,61,281
489,534,199,188,55,293
505,561,383,214,54,295
539,576,496,221,52,380
581,591,401,174,51,432
597,573,390,147,44,514
627,541,392,140,46,563
624,492,312,113,47,536
631,467,292,121,48,555
632,453,323,116,54,542
627,423,287,108,54,488
620,398,288,104,48,458
611,397,259,125,58,436
590,378,269,124,51,438
566,370,301,109,55,407
551,379,278,102,63,366
530,402,375,102,55,440
502,421,334,99,54,361
485,418,334,96,75,320
473,405,354,141,74,249
457,446,296,163,74,277
474,443,261,169,84,240
467,451,216,163,76,179
452,474,170,172,69,231
443,508,159,192,78,251
462,523,121,193,73,226
450,528,99,181,65,219
447,556,81,186,66,277
458,569,84,159,69,237
479,554,127,139,57,199
484,557,126,139,67,254
502,561,137,144,64,319
516,554,211,162,62,373
530,547,206,146,58,331
547,539,293,114,54,512
572,528,269,100,50,517
583,525,271,102,51,437
600,504,289,95,56,481
607,482,283,90,54,464
618,457,271,91,52,504
617,446,229,94,57,483
616,424,216,92,53,463
613,404,241,91,61,482
601,401,224,119,71,452
588,393,288,116,62,568
570,384,295,127,70,490
550,392,342,167,79,497
529,424,271,145,79,438
505,418,294,122,68,350
487,408,258,135,71,281
471,432,251,144,75,377
472,446,208,148,94,294
462,445,185,161,97,232
460,452,168,142,92,247
448,494,126,129,91,211
453,507,101,164,91,192
453,508,81,202,90,211
441,527,68,232,84,243
445,546,61,190,89,225
438,546,94,177,94,212
453,556,142,164,79,281
464,561,133,160,87,272
485,562,171,152,77,256
495,576,248,145,64,257
529,583,269,141,70,260
550,564,241,131,64,298
573,553,220,121,61,483
589,545,241,116,52,474
602,514,220,143,49,609
613,500,264,122,40,595
620,465,287,110,43,606
624,447,286,108,40,590
631,445,259,99,43,631
623,424,248,96,43,565
608,402,282,99,69,612
597,401,242,86,63,583
575,398,285,93,75,531
544,415,321,92,66,500
523,422,339,99,82,417
506,422,274,109,74,342
483,448,263,130,91,407
491,463,205,163,87,333
481,454,207,151,95,285
469,451,179,162,88,275
466,477,155,163,80,258
470,490,120,168,81,336
458,510,112,162,72,277
453,521,93,154,79,360
457,534,103,144,67,375
469,543,86,166,67,404
459,546,109,137,60,339
473,554,127,129,59,330
485,560,101,117,67,271
506,550,161,117,66,249
524,577,192,111,55,316
525,586,188,106,45,349
554,569,169,114,40,308
570,555,177,118,37,358
577,545,239,107,41,355
591,518,232,101,36,455
598,495,261,106,41,495
603,478,223,118,42,516
612,452,234,129,40,553
610,444,217,116,36,620
614,423,269,109,49,657
608,409,246,110,64,642
593,406,266,118,83,539
569,402,263,113,83,474
550,400,235,134,88,349
532,407,216,130,80,334
510,442,209,121,71,316
504,435,194,129,79,323
495,414,187,122,75,240
486,427,154,145,72,286
479,460,138,125,77,279
475,482,152,154,68,288
473,477,153,184,66,218
464,480,106,184,70,289
450,513,90,179,66,300
470,543,67,175,63,289
460,531,119,182,51,238
457,544,148,156,57,222
469,559,160,146,56,238
484,559,212,137,49,241
497,580,231,156,58,209
512,586,267,151,53,285
540,565,253,155,52,336
554,547,212,135,49,459
573,529,239,140,51,464
581,525,222,139,45,606
596,499,277,118,40,592
600,459,250,120,59,628
607,429,267,102,61,647
614,418,241,85,58,748
616,411,323,132,65,758
608,387,308,124,71,752
595,366,331,109,80,664
577,374,303,110,89,631
549,392,292,126,103,492
524,396,267,122,80,387
509,395,218,112,98,437
488,425,164,140,100,363
483,436,156,149,95,286
481,429,133,156,84,220
471,463,102,163,87,309
464,488,140,153,83,264
448,514,130,156,78,231
457,522,94,161,93,220
451,537,79,217,82,272
442,546,104,209,92,264
444,565,89,175,99,283
465,559,120,178,94,244
468,562,149,174,83,198
479,571,181,160,66,222
499,565,216,139,55,252
513,566,261,149,53,306
524,571,294,123,46,398
554,561,315,128,55,565
573,558,305,141,53,544
590,529,302,132,60,544
599,514,452,152,67,719
615,489,447,146,65,675
623,451,395,131,51,710
627,429,354,141,49,614
617,412,316,113,42,549
610,392,465,109,43,513
599,385,398,113,44,558
582,398,354,118,53,568
562,391,370,121,55,502
543,382,276,129,57,407
514,418,288,129,67,421
505,438,239,148,71,333
480,421,218,178,90,241
474,412,185,192,117,199
469,457,256,168,115,232
467,477,201,215,111,165
462,480,153,201,101,152
435,500,114,201,89,207
447,540,83,219,85,192
444,559,63,206,102,179
443,581,54,213,93,159
442,558,72,187,102,133
451,548,80,158,91,161
453,551,146,134,87,139
466,555,262,158,84,198
499,562,224,137,81,234
520,586,335,125,87,382
557,586,332,121,86,552
589,592,284,112,85,508
604,583,269,113,78,434
629,551,284,114,75,594
604,503,251,109,70,583
629,456,265,124,65,660
631,440,243,122,53,714
640,415,227,138,67,691
628,382,308,121,64,646
618,373,299,105,79,623
595,383,388,116,96,611
566,380,386,133,102,527
532,403,399,123,92,514
503,407,351,122,80,530
478,402,296,110,66,396
471,408,279,98,54,391
466,410,241,101,49,331
471,427,220,128,79,245
480,437,177,149,75,244
461,488,151,150,72,257
470,495,114,187,83,214
460,503,90,198,76,175
448,530,71,190,89,223
470,556,66,234,97,218
464,554,97,229,95,197
467,568,105,212,101,326
465,580,181,215,106,325
500,570,244,213,101,319
502,562,213,181,103,348
518,561,268,154,93,435
550,556,326,155,76,420
570,553,310,145,75,504
594,536,386,136,62,602
609,507,488,129,71,654
629,470,457,144,66,645
635,433,428,131,66,532
635,400,403,141,74,465
624,397,420,138,65,551
628,390,348,142,73,626
617,383,345,130,61,600
604,367,321,156,67,481
583,381,295,153,65,451
549,418,262,145,78,464
520,424,229,156,99,448
491,418,230,168,115,322
472,438,214,173,130,279
460,462,190,170,126,263
455,476,155,193,134,187
448,480,120,167,121,170
434,499,93,179,131,143
441,507,67,171,106,118
435,517,52,149,96,169
441,538,45,200,84,174
441,545,73,240,80,158
445,550,87,243,105,162
455,560,133,226,111,198
478,586,184,201,91,248
493,597,209,200,81,468
534,601,247,221,90,505
542,591,326,198,77,595
583,579,340,179,80,509
606,556,318,154,83,482
624,528,453,129,78,537
620,512,489,130,70,504
641,475,475,122,72,444
643,438,429,115,63,418
647,404,453,122,71,554
635,382,412,128,57,565
622,366,469,123,71,608
599,384,375,142,69,611
568,398,369,142,67,735
532,405,344,168,90,698
496,406,273,160,99,558
471,423,233,190,90,457
459,432,195,160,93,469
448,450,160,185,129,370
445,461,117,187,126,329
444,479,103,156,109,263
452,496,84,167,113,301
457,511,73,203,107,318
457,517,66,199,111,287
461,518,65,194,99,331
469,524,93,225,106,272
460,538,121,202,97,211
472,552,126,209,86,203
480,553,221,204,79,232
495,559,238,186,73,312
510,587,250,180,76,379
522,591,305,178,86,440
559,581,372,157,82,578
572,562,404,136,98,518
612,520,372,123,79,490
592,499,389,124,72,450
609,470,331,116,62,578
616,445,361,116,63,582
617,421,396,158,75,563
620,384,398,134,71,552
617,367,380,114,62,670
611,366,411,115,60,648
601,373,315,101,52,676
579,373,280,115,63,627
546,380,220,137,75,629
520,388,211,122,67,667
493,402,169,115,68,555
478,411,141,148,106,449
474,414,142,156,90,404
471,449,109,212,103,335
490,461,91,238,86,295
471,486,73,222,82,325
475,488,68,207,88,305
466,502,53,186,73,230
463,505,53,197,86,181
464,515,83,210,103,183
468,528,81,210,93,265
482,531,145,187,82,235
488,536,137,175,83,236
508,550,214,164,75,351
526,558,264,166,67,373
544,561,378,167,63,452
581,542,335,175,61,543
592,536,343,147,64,529
608,513,480,149,69,523
622,475,432,137,69,669
623,445,444,126,73,591
622,421,419,124,78,647
623,388,436,128,71,778
612,371,408,132,76,652
605,364,398,160,74,722
586,359,320,142,73,592
560,356,276,128,58,482
533,387,261,147,63,452
506,397,230,151,66,386
485,384,200,144,83,372
482,417,188,127,95,396
483,466,182,184,132,361
493,467,174,165,116,293
465,497,164,172,119,316
460,521,129,175,98,267
483,513,109,185,84,239
457,512,90,170,72,235
457,512,72,181,85,246
460,515,59,189,92,216
466,513,67,190,101,243
474,523,85,181,100,264
490,547,111,173,90,242
509,566,169,183,92,266
525,569,147,171,100,334
529,589,237,188,88,423
564,581,259,187,84,520
598,547,333,170,80,473
602,537,485,158,90,488
623,509,445,144,102,596
635,467,440,130,95,601
634,426,426,128,92,580
636,402,440,127,79,566
632,397,374,129,70,534
622,373,373,125,64,598
607,375,380,122,65,526
589,373,356,110,65,586
571,377,320,140,65,628
546,390,255,142,74,512
514,404,259,123,71,490
490,423,230,146,100,451
472,428,182,194,114,358
469,433,192,205,122,304
461,472,173,225,145,278
470,477,147,194,132,213
461,490,140,172,126,227
451,521,117,192,114,220
472,533,86,173,105,228
454,536,91,189,107,231
457,545,97,151,84,267
461,573,87,157,89,302
488,573,202,173,93,293
504,581,217,145,91,320
510,597,325,155,83,373
529,601,303,157,71,398
575,582,336,131,70,430
595,549,340,126,65,461
605,528,340,126,63,542
632,506,395,125,63,627
647,472,403,132,60,780
652,431,363,118,64,679
648,413,361,111,57,816
631,395,588,111,56,722
618,385,567,113,61,694
597,389,510,125,66,632
575,384,460,110,67,839
542,377,352,103,62,684
528,386,314,133,51,606
499,406,234,135,63,608
488,425,193,134,101,634
485,416,156,185,111,472
474,441,129,186,158,464
484,470,104,235,149,516
481,490,91,215,144,399
473,491,72,241,159,296
466,514,76,225,150,414
467,528,88,225,149,361
468,538,115,215,144,463
468,530,204,171,132,388
469,546,217,162,109,421
484,555,276,141,107,402
508,561,361,152,103,385
533,557,410,133,84,414
569,561,335,111,72,480
605,536,322,107,81,421
608,536,393,117,104,498
636,507,424,109,90,563
645,474,404,109,94,532
643,450,545,109,99,551
634,427,615,120,107,467
628,394,481,119,101,583
613,378,387,128,93,782
590,376,328,117,81,792
567,363,284,138,80,785
538,357,221,165,95,665
511,398,171,149,93,607
488,404,142,154,96,562
479,398,125,157,109,520
475,440,95,160,118,505
476,507,74,155,123,574
487,468,67,164,127,481
453,477,66,170,129,454
457,505,73,190,113,507
467,509,61,192,111,441
464,505,68,191,123,487
454,534,147,217,142,506
467,563,164,204,142,492
483,570,275,155,127,454
500,594,224,134,109,584
511,598,350,147,128,596
532,592,407,142,107,503
551,569,335,137,104,587
576,536,351,133,90,587
594,522,317,128,87,526
592,505,419,121,85,602
628,482,497,125,98,605
631,462,500,149,81,577
635,445,522,125,76,688
629,407,420,134,75,843
617,384,485,115,67,780
596,377,411,136,67,760
578,371,330,157,59,840
546,364,267,163,67,765
531,377,223,145,74,728
508,391,168,162,66,633
494,411,132,189,69,596
481,437,103,222,85,591
478,447,80,255,96,492
471,453,66,264,105,457
476,485,60,230,114,422
470,507,52,259,101,402
479,492,50,220,103,359
465,497,53,227,85,362
451,527,63,201,94,304
467,542,106,166,99,298
470,535,103,177,122,334
481,544,232,141,111,316
495,556,223,112,90,301
509,561,292,113,88,343
520,558,374,113,79,402
549,566,355,106,74,456
576,538,371,92,70,410
595,524,420,107,77,410
618,507,414,113,85,389
623,487,344,121,88,347
648,454,373,126,93,424
643,428,291,126,91,425
634,405,333,120,95,468
624,398,324,127,87,582
610,390,325,109,71,602
592,378,351,127,67,700
562,369,325,129,66,611
533,378,246,118,76,570
515,407,180,134,82,581
498,417,151,137,105,526
487,430,126,136,123,439
475,462,110,190,116,438
476,467,93,176,100,367
474,480,81,188,92,342
482,482,63,176,94,362
475,501,62,171,99,326
475,517,55,179,95,324
467,520,69,190,95,329
476,525,60,180,96,308
482,531,109,171,106,372
495,527,141,145,103,310
507,544,189,120,102,311
520,551,265,107,91,355
537,560,234,95,81,427
554,546,278,94,75,382
571,537,285,97,70,379
584,521,261,106,64,457
605,515,306,103,75,576
620,511,351,89,69,620
622,488,397,92,80,638
638,455,341,100,70,656
638,426,368,95,73,690
632,410,349,82,88,645
620,398,301,77,89,874
605,378,291,76,80,825
593,372,259,109,69,816
567,355,212,95,78,710
548,371,193,121,80,554
528,407,184,116,102,496
516,405,141,127,106,470
505,404,130,150,103,404
488,460,136,136,110,471
487,468,121,163,105,341
488,465,111,178,132,389
466,494,138,164,120,376
478,519,125,144,104,348
486,514,104,140,97,410
457,522,166,172,104,410
471,532,158,174,115,342
490,541,177,143,104,333
494,548,234,154,91,287
508,552,208,146,91,328
537,556,266,151,91,348
550,540,303,136,75,444
572,528,342,144,79,402
590,519,330,128,75,455
606,491,275,137,75,434
614,480,319,117,71,508
629,461,299,109,63,608
638,431,335,123,62,587
625,413,299,138,65,626
622,399,374,143,56,753
616,387,357,131,56,738
603,376,315,118,56,659
575,382,249,151,80,601
548,404,214,133,92,501
523,418,391,134,87,420
496,406,289,142,86,352
490,407,218,137,111,458
486,442,194,124,92,414
487,461,183,102,77,304
501,465,236,93,70,298
492,482,210,94,64,259
514,508,361,132,77,247
516,564,308,135,80,293
539,597,331,163,98,280
552,613,267,192,124,249
551,611,244,215,123,325
557,582,194,298,120,369
545,571,164,275,102,350
541,542,143,296,97,454
510,516,114,278,109,513
496,474,158,251,111,587
479,421,163,231,96,601
458,395,239,236,88,513
457,388,299,193,76,561
471,386,353,166,65,561
509,397,318,179,74,708
528,409,247,165,79,559
551,402,286,140,66,466
565,401,261,131,68,425
598,418,258,119,58,380
612,442,258,121,63,289
640,465,240,119,67,328
644,483,194,110,61,274
649,472,180,105,83,285
620,496,201,105,92,283
606,519,197,138,88,399
594,525,205,143,80,313
569,518,195,152,70,263
551,531,163,192,76,237
531,545,142,213,90,299
521,558,137,299,108,374
497,568,140,285,122,328
467,561,150,242,114,275
457,557,194,250,119,260
422,529,257,277,142,273
401,502,298,228,108,342
381,446,366,212,111,402
376,411,390,180,103,435
405,405,417,233,87,388
445,407,419,208,70,422
467,420,380,173,66,390
503,418,384,161,61,378
530,415,378,150,61,398
573,430,436,119,57,327
595,419,474,104,50,289
625,400,425,140,57,391
638,413,455,150,50,381
644,412,425,135,56,290
636,425,414,126,49,250
632,452,368,104,42,241
621,468,305,115,59,228
613,483,273,105,58,219
596,509,232,123,61,293
589,521,208,113,56,263
571,513,189,129,67,210
556,511,167,136,72,230
542,518,150,171,91,202
528,522,141,194,72,186
518,539,145,222,94,216
506,553,149,214,98,288
486,549,150,230,111,244
466,529,141,228,105,296
453,514,154,231,97,291
438,506,180,229,120,362
432,488,240,233,115,327
426,465,259,244,93,324
427,453,269,195,72,338
434,432,230,162,64,381
444,426,274,168,62,464
459,418,369,152,58,403
482,440,387,150,61,369
515,451,393,128,58,358
553,435,378,145,56,360
560,430,383,133,58,343
595,414,343,122,60,347
605,431,294,116,55,311
630,436,318,128,55,268
653,444,328,146,76,249
631,486,292,138,69,294
628,494,258,149,65,263
597,492,215,146,75,229
576,494,180,144,60,226
551,512,154,133,75,224
532,505,123,125,76,252
529,505,107,136,80,204
528,513,115,151,101,258
519,523,106,156,108,231
518,546,111,148,105,221
510,538,140,155,103,359
499,538,196,170,106,317
485,536,206,144,96,341
468,536,201,139,120,457
454,521,231,147,130,441
441,502,208,128,134,443
440,471,246,117,143,395
446,435,238,130,145,393
457,417,220,116,109,396
464,395,255,128,98,358
476,381,262,150,84,368
480,389,299,145,67,349
508,407,253,142,62,372
532,401,316,122,58,335
548,401,454,139,58,328
563,399,357,141,61,328
570,394,415,137,59,267
581,394,364,144,50,250
588,410,280,128,41,251
594,429,276,129,41,298
607,446,330,126,45,276
605,478,285,113,50,268
607,488,209,106,50,277
595,502,253,107,53,275
586,516,227,108,84,297
586,529,177,99,89,258
575,518,189,125,87,244
554,518,163,114,85,303
545,529,181,137,92,307
533,531,154,141,100,255
512,527,113,170,89,233
496,533,106,238,101,219
465,531,106,227,93,211
457,519,130,284,97,225
438,512,139,248,91,251
434,487,159,253,90,275
434,474,158,215,88,368
424,449,200,199,84,362
420,424,266,161,68,365
433,424,292,174,60,348
450,412,288,168,60,321
459,399,253,148,67,363
479,403,296,123,56,349
502,414,232,135,53,319
530,416,335,121,52,375
554,422,315,112,85,346
604,417,246,124,91,345
617,432,257,113,78,302
622,429,192,95,68,296
613,437,171,126,79,234
602,445,204,122,79,236
586,482,183,119,63,214
577,506,142,122,71,269
578,527,149,123,79,227
574,528,149,135,83,266
570,546,128,135,75,320
568,565,120,178,77,319
565,550,167,198,94,331
557,546,212,212,100,323
542,544,228,200,103,276
515,553,168,192,97,259
506,552,174,187,97,227
480,541,153,199,109,213
465,517,164,207,123,235
452,510,133,180,103,258
437,496,164,155,85,349
436,477,156,152,96,374
427,450,191,139,77,506
412,415,211,131,92,424
416,416,320,164,105,467
433,424,317,153,85,448
444,419,338,135,91,374
467,422,384,141,85,359
496,431,383,119,76,316
527,426,410,161,71,282
549,425,372,181,62,323
572,423,305,167,64,373
597,418,259,158,55,349
611,438,240,181,54,333
620,444,213,161,55,295
616,444,238,161,68,273
594,468,222,146,64,325
594,498,218,132,68,334
591,506,219,137,84,323
581,525,183,152,101,304
576,536,221,130,83,257
558,554,228,147,100,253
555,550,188,163,93,206
541,544,187,188,93,180
530,549,189,187,88,161
509,549,133,171,93,128
509,544,116,165,95,150
491,553,101,161,96,162
489,552,88,167,86,183
466,534,131,180,92,172
463,517,152,191,92,255
461,500,140,186,91,348
446,474,190,165,110,304
435,422,229,142,114,352
426,397,296,137,109,333
437,419,267,133,138,402
450,436,289,145,122,360
468,420,298,145,122,369
488,444,309,155,101,381
532,445,403,162,87,375
559,440,355,177,80,406
580,430,397,158,66,368
614,425,331,139,65,411
614,430,262,153,58,359
621,434,277,139,50,324
620,446,234,139,53,304
609,466,281,150,51,353
602,494,213,131,41,336
597,501,219,141,39,333
590,506,177,129,51,293
585,518,171,128,73,374
580,553,161,137,75,327
567,562,167,145,72,261
558,551,137,159,75,222
547,547,126,177,77,192
528,554,120,205,80,169
514,559,107,220,90,186
496,554,97,265,116,174
485,549,97,243,123,145
471,528,119,253,154,178
452,517,114,226,147,198
450,509,138,223,150,277
437,478,202,199,114,300
426,436,321,177,124,351
419,407,310,171,96,321
423,407,295,187,84,362
444,400,316,177,84,380
457,397,369,172,71,371
484,393,403,192,69,355
508,396,343,153,69,378
538,396,334,141,59,321
572,395,392,126,55,296
599,400,357,140,61,315
624,418,326,115,51,277
650,438,257,105,54,301
641,470,190,108,62,262
627,480,178,109,54,248
627,483,167,105,58,224
609,505,132,93,56,209
592,538,112,104,80,200
587,551,112,150,93,172
574,550,121,148,82,170
562,545,151,169,85,186
542,554,132,194,89,185
525,562,125,206,112,153
508,574,92,240,111,184
492,558,85,240,113,143
470,542,92,258,121,134
443,528,98,273,116,198
428,529,108,261,115,323
414,508,147,265,99,401
399,442,174,274,101,420
375,402,182,232,93,392
406,412,220,191,84,401
443,423,183,197,80,390
459,408,216,176,67,325
482,409,209,176,71,367
513,438,200,167,64,378
551,438,207,183,68,410
581,417,238,192,70,322
594,406,207,207,77,280
614,415,253,178,64,353
630,441,245,158,64,308
646,434,230,185,59,345
636,473,187,160,56,344
627,519,159,157,53,345
619,525,191,150,59,336
595,510,189,150,76,297
564,507,174,165,64,341
559,517,233,178,63,319
532,524,217,189,77,292
517,525,167,162,76,248
507,543,158,193,81,189
498,547,130,218,96,191
484,558,108,220,93,184
468,561,94,220,85,178
466,553,96,199,78,220
455,541,71,208,83,215
456,527,65,182,93,244
454,515,58,162,82,269
458,489,59,165,91,315
458,457,79,163,98,311
448,416,127,134,86,321
447,416,142,148,81,367
475,426,328,151,84,369
486,426,289,155,75,368
513,436,238,141,70,372
560,459,223,130,56,375
570,458,213,125,57,403
590,398,248,128,51,357
591,389,278,157,51,326
592,397,234,149,51,329
600,408,383,147,51,386
601,422,353,136,54,356
612,435,292,174,60,310
602,457,302,154,64,308
604,485,279,140,55,296
599,510,277,126,69,288
600,513,261,117,70,269
585,528,219,110,63,258
582,545,203,107,90,249
572,551,172,119,80,229
562,541,232,125,73,175
536,551,167,132,61,168
534,548,178,127,60,165
510,552,150,146,74,144
501,552,110,145,72,149
485,537,80,154,90,228
467,515,63,153,81,230
459,505,66,173,89,251
472,538,64,169,92,291
449,502,76,137,88,344
443,462,177,118,97,325
424,412,199,142,100,377
413,388,180,152,99,447
423,391,203,149,81,412
443,393,192,151,89,484
468,400,212,156,93,508
519,439,272,145,80,565
582,450,231,130,67,502
623,423,252,177,63,412
632,419,248,166,50,360
637,435,211,141,45,388
637,433,169,149,54,329
624,428,191,139,71,288
626,439,170,127,79,356
620,482,172,108,85,322
604,504,185,106,98,308
588,501,191,92,99,283
579,509,193,106,95,240
566,525,175,109,92,208
556,538,164,105,110,196
542,535,155,112,109,198
527,544,132,126,86,183
513,545,105,165,92,209
503,546,83,192,85,203
494,542,111,189,80,246
481,540,123,236,101,277
476,536,135,299,132,287
469,521,205,315,164,275
456,504,246,298,184,274
453,473,344,239,159,292
450,447,382,245,122,331
448,414,366,201,95,319
452,387,322,200,73,293
469,386,306,164,66,302
482,408,347,169,59,322
514,425,295,159,55,407
534,425,369,143,52,390
558,426,329,180,52,560
582,420,297,169,55,436
593,420,295,204,54,355
598,425,271,257,65,340
612,427,236,233,80,279
611,438,239,248,81,253
615,452,223,239,96,281
614,472,168,210,105,351
616,504,177,191,113,306
612,508,139,191,129,243
592,508,140,166,124,199
574,519,124,203,123,157
559,521,119,195,140,144
541,539,125,205,121,157
521,548,105,198,102,157
507,558,97,180,93,138
490,558,79,184,105,118
471,546,97,175,103,113
469,531,160,188,102,139
455,510,177,183,95,138
449,491,177,191,101,149
436,457,298,187,89,145
424,439,301,212,84,143
420,420,331,184,75,170
434,420,323,150,59,181
455,419,282,155,51,357
480,425,247,178,47,367
505,419,325,146,44,435
536,424,379,159,42,375
547,423,320,131,35,318
560,411,276,125,35,264
574,400,232,113,62,299
587,416,200,95,61,356
590,433,198,106,65,287
589,459,175,140,68,265
600,481,134,125,73,435
604,506,119,145,62,342
592,530,124,161,72,326
580,567,122,177,78,438
571,590,171,209,84,403
556,579,165,237,87,404
538,564,164,237,90,365
530,567,167,255,109,297
516,566,133,276,128,224
490,552,120,277,129,194
487,542,124,244,145,189
469,528,158,257,125,192
453,517,181,235,113,208
442,509,159,184,96,190
426,485,169,159,91,327
421,465,204,146,89,303
419,438,233,139,70,353
427,437,309,142,61,352
440,435,334,141,57,316
453,421,295,133,52,338
470,410,323,118,44,421
495,415,337,114,47,408
550,428,394,123,39,397
566,456,404,130,44,476
600,432,334,118,51,430
609,435,294,115,51,325
610,455,267,127,56,290
611,477,245,128,56,236
611,491,194,125,79,236
603,506,152,110,75,226
589,530,136,134,69,199
588,549,111,133,69,244
568,547,107,128,91,260
557,553,142,164,108,243
541,560,116,193,112,244
522,568,129,310,117,184
505,563,108,324,98,175
496,561,121,297,106,150
477,550,130,301,98,155
461,531,110,269,102,281
447,530,127,225,99,434
442,509,123,192,107,434
430,468,227,168,98,459
424,417,274,165,83,495
427,401,436,177,77,494
447,401,402,161,65,424
467,380,359,152,58,420
491,365,376,155,65,483
526,394,352,145,66,408
553,410,322,127,60,372
577,414,360,119,58,398
590,412,302,107,46,315
608,402,317,130,43,236
602,427,288,107,36,318
605,454,257,97,33,269
630,475,204,96,38,231
605,506,199,99,43,345
618,541,230,109,52,427
608,576,176,103,59,330
596,576,165,116,61,297
572,567,146,114,59,360
563,564,174,139,65,277
538,563,167,161,79,226
507,557,126,191,105,177
502,561,104,310,153,147
474,551,92,328,143,149
464,533,88,338,173,140
445,526,72,317,157,178
435,521,102,272,138,316
429,503,160,314,120,391
408,461,175,272,107,469
400,420,209,266,95,448
418,429,202,229,104,580
448,425,168,236,91,515
462,423,317,216,72,519
502,415,321,186,70,536
532,429,387,182,73,478
557,454,326,155,69,535
582,437,290,153,69,469
613,424,373,138,62,397
625,418,341,162,55,335
616,450,319,152,63,372
620,451,322,130,57,336
613,469,283,141,44,304
611,482,299,136,48,324
617,535,310,199,72,382
606,562,286,171,81,374
580,553,293,157,87,344
569,547,330,169,86,388
548,549,287,158,100,303
529,550,257,170,109,247
514,540,253,179,109,259
502,551,234,183,102,290
488,538,209,195,123,312
474,532,217,220,109,281
452,509,230,231,100,330
446,495,209,229,100,316
440,475,171,218,111,396
433,442,167,189,106,380
436,421,222,152,84,356
441,411,231,155,81,333
452,412,269,152,76,363
467,396,240,135,71,354
479,408,324,130,73,371
507,428,299,136,81,370
530,431,292,124,66,364
544,436,318,127,61,419
571,428,273,121,63,390
571,440,333,109,64,394
583,457,271,118,53,371
585,462,304,118,52,378
585,473,228,130,53,365
593,496,213,141,47,362
589,519,215,137,48,406
581,554,177,194,63,427
592,557,170,184,62,403
581,550,247,194,72,404
570,548,299,198,110,346
560,551,231,217,122,338
549,541,229,232,98,320
528,534,201,239,98,319
520,537,162,237,96,279
492,524,137,224,100,225
479,515,142,255,118,239
448,501,141,247,112,265
435,489,218,226,128,397
424,469,203,203,102,377
416,447,321,194,110,376
406,420,357,170,94,298
414,425,298,159,71,336
427,421,308,151,88,290
444,419,282,169,96,290
460,429,285,152,81,305
486,430,282,144,99,438
496,437,276,130,87,375
520,442,285,109,75,434
543,449,302,110,70,387
572,447,283,117,66,318
574,469,296,110,63,314
596,479,245,95,57,249
600,491,253,88,52,268
611,512,268,88,70,310
627,541,255,84,69,327
616,561,227,91,68,314
605,570,220,89,69,359
593,564,284,119,79,310
573,544,259,163,77,341
557,534,220,156,85,329
525,541,184,201,108,278
507,542,147,208,110,260
492,546,120,236,100,322
472,535,95,227,122,264
461,534,100,223,109,267
452,544,104,229,106,263
444,524,147,198,79,311
444,501,149,177,73,289
430,453,216,162,86,356
419,426,240,158,69,362
428,429,270,157,64,439
451,425,317,126,58,569
462,407,364,145,55,547
495,418,372,133,55,507
530,429,316,127,54,441
553,445,407,117,65,423
591,430,303,112,56,379
616,418,260,139,48,352
633,438,263,143,60,391
632,451,227,159,66,317
624,460,175,126,69,293
615,467,151,135,101,276
610,488,168,137,87,299
604,514,151,142,94,349
596,524,154,183,114,321
581,528,174,179,114,402
579,528,186,170,107,335
565,544,178,167,115,285
561,546,180,168,118,305
528,556,157,164,117,242
507,549,144,168,109,218
495,557,131,177,130,198
478,553,121,199,138,164
457,531,116,245,141,210
438,518,138,236,139,296
427,500,129,195,123,283
425,487,166,193,121,321
419,457,280,183,108,325
424,440,257,154,97,324
439,430,320,124,93,382
459,425,331,149,84,390
477,437,459,145,83,362
503,433,476,123,79,335
526,429,475,142,68,312
556,434,447,152,67,339
573,427,360,160,74,302
586,423,351,143,63,300
604,444,322,126,65,364
619,458,312,147,69,321
617,485,301,136,77,340
615,496,245,138,85,323
598,507,259,159,92,286
598,523,215,153,94,267
586,545,167,183,78,286
562,540,136,177,95,254
550,527,160,155,118,207
537,525,144,169,120,184
524,536,123,162,124,176
504,536,114,145,127,184
496,539,106,215,114,178
481,524,115,211,113,189
472,507,189,287,139,184
440,507,203,271,170,241
428,488,268,284,163,250
415,486,320,251,137,357
416,465,324,199,115,449
428,443,322,177,94,410
444,417,305,169,89,413
465,415,331,148,76,368
492,421,306,153,72,457
509,416,450,142,61,375
529,429,445,142,51,498
541,440,402,151,60,460
563,439,366,184,55,375
596,426,442,195,49,351
620,438,349,182,52,443
618,448,276,178,64,361
615,444,260,194,65,332
610,443,214,166,69,346
608,474,191,164,64,343
608,492,159,143,69,313
596,478,143,128,58,299
597,476,176,129,72,316
595,497,186,146,64,363
604,516,208,187,86,357
579,520,187,186,87,397
551,543,171,213,107,336
535,546,174,263,107,285
513,542,134,263,90,239
491,540,127,287,102,210
453,525,133,295,108,224
436,512,130,295,133,268
418,495,142,223,101,276
401,460,199,178,83,323
401,430,194,140,63,408
395,405,442,147,65,410
411,400,591,142,65,345
445,409,592,131,76,322
470,410,574,124,80,447
507,432,504,132,69,442
536,453,526,144,59,455
562,436,508,160,55,465
596,419,430,166,57,621
622,434,331,151,57,590
625,421,287,131,65,457
623,422,279,143,64,377
619,436,260,137,57,428
620,460,265,146,60,407
604,484,263,169,56,334
597,502,223,170,61,342
577,533,193,168,66,318
566,539,181,151,68,306
549,534,147,169,62,229
534,532,135,181,64,188
520,532,135,185,71,183
501,549,127,171,80,178
500,555,109,205,82,280
490,564,108,197,114,236
471,555,109,184,118,296
451,540,135,206,114,451
446,526,163,201,94,511
437,508,200,168,86,502
432,469,263,144,83,435
430,438,263,146,73,408
437,408,335,127,61,361
446,402,355,124,50,438
471,406,399,121,50,447
485,390,441,124,44,376
501,399,421,108,39,363
525,411,444,108,40,274
538,417,479,122,41,322
549,411,370,111,41,308
569,409,326,124,42,294
575,427,307,121,42,288
580,431,268,119,36,299
582,459,211,105,40,261
595,471,179,110,44,271
593,489,188,110,49,226
577,516,151,178,63,267
581,544,125,201,74,226
580,556,138,191,68,223
565,557,135,227,78,220
552,553,122,236,77,304
541,559,103,239,118,256
517,558,117,256,121,204
499,544,88,229,104,208
473,532,82,243,148,174
464,520,93,214,120,190
446,504,101,182,110,281
434,499,127,163,92,345
432,483,294,159,86,394
419,444,583,193,88,391
427,417,599,170,76,409
434,408,461,157,67,532
456,414,518,157,69,555
471,413,446,164,59,451
492,410,473,138,64,477
521,406,431,137,63,424
545,422,384,122,55,411
567,427,345,140,57,382
576,422,316,127,50,301
589,419,287,118,45,302
592,425,250,114,45,305
590,448,216,104,43,325
596,472,201,103,60,396
606,487,234,115,61,396
615,509,259,138,69,436
610,530,223,172,68,356
592,543,183,160,74,334
567,543,159,158,79,290
549,531,130,139,70,239
533,530,130,166,82,216
505,537,116,181,89,244
503,539,93,197,98,222
484,536,70,188,98,208
469,527,89,181,123,223
456,517,138,208,126,353
449,522,209,198,95,480
442,512,218,167,82,419
445,482,270,155,67,397
438,450,305,145,55,429
432,421,379,121,46,444
447,408,538,110,41,476
462,395,493,106,36,509
492,403,450,139,39,565
514,424,455,138,39,505
542,429,404,134,37,492
570,432,337,130,40,438
577,427,298,107,40,344
595,409,315,108,45,383
595,413,340,110,54,350
592,427,491,113,51,357
611,437,404,111,43,348
602,467,319,113,42,394
596,485,285,139,51,431
592,521,227,122,69,359
581,538,199,127,72,338
569,554,161,160,85,307
557,559,139,194,92,269
549,559,187,211,101,245
533,559,151,185,101,271
514,551,106,190,103,204
501,536,84,159,100,178
490,528,73,149,113,359
473,514,85,153,106,356
469,499,91,168,95,444
465,493,159,161,90,494
450,468,140,144,90,556
441,445,180,153,83,654
446,426,193,149,85,545
455,416,283,166,76,496
460,412,227,148,63,550
468,404,214,165,57,527
477,406,179,143,44,480
493,402,183,143,49,477
508,405,154,123,48,401
524,405,144,119,43,317
541,407,151,122,36,404
559,421,213,121,42,395
586,427,234,128,50,382
574,449,194,123,41,325
583,466,179,111,42,277
569,495,157,124,40,233
590,505,224,137,60,257
597,538,196,133,81,295
591,557,178,157,83,269
578,572,224,150,104,282
588,558,191,145,134,266
573,557,180,158,139,236
566,550,182,191,129,331
541,548,141,190,176,333
529,537,153,192,149,291
495,516,123,183,152,252
484,506,129,203,119,271
453,498,164,164,95,277
433,476,181,169,93,405
424,458,254,216,98,394
403,425,270,211,83,407
406,424,280,225,70,426
411,431,412,202,92,431
428,424,327,177,89,375
447,414,339,147,83,362
460,422,300,144,68,420
491,438,307,132,75,393
521,426,314,118,70,389
543,431,315,123,58,324
560,443,260,107,54,307
599,447,286,95,45,309
606,467,254,109,44,348
621,493,213,109,46,299
623,526,212,123,58,284
616,550,170,158,58,255
614,560,161,157,67,292
585,560,123,177,90,238
561,545,116,199,87,218
555,539,130,187,89,209
540,542,135,221,95,233
526,555,123,200,122,233
509,560,102,225,132,188
488,556,83,225,139,206
474,544,63,211,126,336
461,541,60,249,173,372
439,517,109,252,143,424
428,488,173,204,108,423
420,459,232,189,99,479
421,437,305,175,77,434
424,416,326,150,70,424
451,410,248,146,54,387
468,400,281,140,53,417
489,400,235,125,53,409
509,391,239,145,45,450
526,412,260,131,46,410
547,410,315,135,37,418
568,417,265,155,38,451
585,415,390,134,49,449
594,435,302,148,41,464
593,461,336,131,46,444
608,472,349,138,51,405
595,494,303,173,65,357
597,514,336,185,74,310
592,538,325,198,66,259
565,544,314,209,78,295
555,543,329,183,100,332
542,543,368,238,131,316
530,548,373,266,129,297
512,561,366,270,138,275
496,558,367,283,156,288
484,545,334,296,127,245
464,539,283,289,127,369
460,531,299,251,114,560
441,503,257,242,98,569
431,468,343,228,88,569
426,437,291,253,83,553
426,426,323,249,77,494
448,424,304,222,81,446
471,403,246,210,70,542
500,407,292,219,71,465
540,417,256,190,60,569
552,414,295,176,53,560
575,402,280,169,45,545
588,407,261,156,52,511
602,427,239,126,50,577
603,440,263,129,55,522
602,446,323,126,65,520
597,470,322,138,71,602
613,495,304,122,70,569
613,520,350,109,93,530
607,547,300,116,79,495
583,554,278,124,69,441
565,548,268,145,74,415
547,548,236,162,67,465
527,542,205,175,82,384
518,541,209,212,79,403
496,552,212,231,105,367
494,552,199,284,148,387
472,540,160,274,151,454
460,529,155,283,136,587
458,514,134,262,125,462
449,483,179,235,124,486
447,453,258,222,112,640
451,434,315,220,100,616
458,421,348,206,84,566
473,408,331,228,87,497
492,400,322,189,93,458
511,404,311,189,87,496
532,405,522,193,77,452
550,411,449,183,74,463
567,413,450,172,76,444
569,414,382,164,67,464
587,407,296,161,70,400
596,436,279,165,74,389
612,460,265,165,81,377
606,486,242,146,89,380
599,507,191,166,99,349
592,545,172,185,103,362
588,558,202,189,125,311
562,557,176,227,137,255
548,543,151,213,162,250
539,542,143,252,151,228
522,554,144,236,149,188
516,553,139,216,143,182
494,556,118,338,150,171
487,546,117,371,182,149
451,540,183,386,234,207
451,525,206,505,269,325
421,496,247,483,240,377
402,489,283,438,198,418
399,467,315,372,161,492
423,456,308,364,149,534
484,452,281,302,132,444
501,461,273,263,101,457
525,467,305,284,102,544
561,445,313,279,82,485
565,438,294,279,83,521
580,434,239,239,70,533
575,456,306,227,78,426
573,440,254,199,80,441
571,439,222,158,93,374
575,464,186,172,93,310
570,501,151,186,99,293
567,506,125,158,106,276
556,505,110,147,114,224
551,522,134,156,127,224
554,540,151,146,111,246
542,563,134,164,104,256
534,557,119,202,100,307
520,545,101,191,99,270
509,541,92,240,128,305
507,553,81,252,122,298
495,541,90,237,117,324
492,529,110,234,126,325
481,511,128,210,116,408
476,492,171,179,121,436
475,455,230,221,114,393
454,425,285,190,90,430
448,417,260,162,73,433
452,408,295,158,68,382
451,394,274,165,62,356
460,386,285,150,59,373
472,382,253,142,52,367
488,388,270,128,45,348
510,398,324,138,45,302
539,420,295,119,47,284
551,425,314,104,48,304
565,436,257,102,47,262
571,433,243,93,54,304
582,456,252,100,52,344
585,480,237,104,54,349
597,495,240,112,66,337
579,515,191,133,62,269
579,522,151,127,58,267
578,525,162,141,65,219
554,524,176,142,56,176
550,520,157,171,66,250
548,533,131,217,87,305
532,542,125,234,113,251
521,550,115,273,131,260
492,540,120,340,191,321
481,523,158,365,234,407
455,506,208,302,229,478
441,488,251,257,181,464
421,464,351,204,132,507
421,434,388,204,95,443
427,407,339,213,91,392
453,395,323,196,85,400
470,397,287,217,77,423
500,402,370,167,76,381
522,417,305,135,66,309
544,434,229,111,50,351
546,438,261,133,43,287
561,426,268,152,40,253
578,432,243,150,38,308
589,449,276,146,39,301
616,455,250,142,39,243
593,473,275,116,49,349
587,519,249,119,53,355
603,536,219,113,63,449
