\xf1X axis acceleration,Y axis acceleration,Bicep signal,Shoulder signal,Tricep signal,Forearm signal
543,479,7,41,30,14
539,482,9,40,26,14
540,481,9,38,31,13
540,482,10,35,30,13
540,482,8,33,29,13
539,481,10,36,35,14
540,482,9,34,35,14
540,481,8,30,32,13
540,481,8,30,32,13
540,482,9,34,33,12
540,481,12,32,30,13
539,481,10,33,28,13
540,481,9,35,29,13
540,482,10,40,25,13
540,481,10,35,26,13
541,482,8,34,23,12
541,481,8,34,20,15
540,481,7,38,21,13
541,481,7,34,28,14
541,481,7,33,27,13
540,481,6,34,28,13
541,481,6,40,29,13
540,480,6,39,28,12
541,481,6,35,26,13
539,480,6,36,25,13
540,481,7,37,24,13
540,481,5,35,26,14
540,481,5,32,24,14
540,482,5,36,25,15
541,481,5,33,21,15
539,481,6,30,22,14
540,481,5,31,21,14
539,481,6,28,20,13
540,481,6,29,19,14
539,482,5,29,18,14
540,481,6,34,22,13
540,482,6,34,24,12
540,481,6,33,24,13
540,481,6,32,26,12
540,481,6,35,24,13
540,481,6,32,23,12
540,482,6,31,22,13
539,481,5,33,21,12
541,481,6,30,20,13
539,481,5,29,21,13
541,481,5,29,24,14
539,481,6,28,23,13
541,481,5,27,20,13
539,481,6,29,22,13
540,481,5,34,21,14
540,481,6,31,20,14
540,482,6,35,19,15
540,482,5,35,19,15
540,482,5,35,20,16
540,481,6,41,20,17
539,481,6,39,25,17
540,481,5,42,24,17
540,482,5,38,26,18
540,482,5,39,32,22
539,481,5,43,31,24
539,482,5,45,29,25
539,482,5,42,26,24
540,483,6,39,29,21
540,482,6,38,26,21
540,482,6,33,27,18
540,480,6,36,27,17
540,482,6,35,26,16
540,481,6,32,25,15
540,482,6,32,26,15
540,480,6,40,25,15
541,481,6,38,21,14
540,481,6,33,20,14
540,481,6,34,22,14
540,481,6,34,24,13
541,481,5,39,25,13
539,481,6,37,26,13
540,482,6,34,25,13
540,482,6,34,30,13
540,482,6,34,35,13
539,482,4,31,29,13
540,483,5,28,26,13
539,482,5,30,26,13
540,482,6,29,26,14
538,482,6,27,23,14
539,482,6,28,27,14
540,482,6,33,31,13
539,482,5,32,34,14
540,482,6,31,36,14
539,481,6,31,39,14
538,482,6,35,38,13
540,482,6,33,34,13
540,482,6,28,37,13
540,481,5,30,37,13
541,482,5,29,35,13
540,482,6,28,34,12
539,482,5,25,32,12
539,482,5,25,27,13
539,483,6,25,24,13
540,481,6,24,31,13
540,482,6,26,30,13
540,482,5,27,29,13
540,482,6,27,32,13
539,482,5,25,34,14
540,482,6,30,32,15
539,481,5,30,30,16
539,483,6,29,30,16
540,482,6,30,29,17
538,482,8,36,32,16
539,483,8,38,30,15
539,483,8,36,32,14
540,482,7,34,33,14
538,483,7,33,36,13
541,484,7,29,35,14
540,484,7,29,34,13
540,482,7,27,32,13
540,482,7,28,37,13
539,483,6,27,33,13
540,482,7,27,30,13
541,483,7,26,29,12
542,482,7,27,29,13
541,483,6,31,25,13
540,482,6,30,23,13
541,483,5,29,21,13
539,483,6,32,22,13
541,482,6,31,20,13
541,483,6,28,19,13
541,484,6,31,19,13
540,483,4,30,19,13
541,483,6,31,25,13
540,484,5,28,22,13
538,483,6,28,22,13
540,483,6,27,23,14
540,483,6,24,24,15
540,483,6,27,22,16
540,484,5,27,20,15
540,483,6,31,21,15
540,483,5,28,21,14
540,482,6,30,24,14
541,483,5,34,20,14
540,483,5,30,20,15
539,483,5,27,20,15
540,482,5,31,26,15
540,483,6,36,25,14
541,482,4,34,25,14
539,481,5,30,25,14
540,483,5,31,24,13
539,482,6,33,21,13
541,482,6,30,20,13
539,482,6,29,18,14
540,481,5,31,23,14
540,482,6,27,25,13
540,482,5,29,23,13
540,482,6,28,24,13
540,483,5,27,23,14
540,482,5,32,27,14
539,482,5,31,26,14
540,483,5,28,22,13
539,483,5,28,24,13
540,482,5,32,25,13
540,482,5,31,22,12
540,482,5,32,21,13
539,482,5,30,22,13
540,482,6,28,20,12
541,482,6,32,21,13
540,483,5,30,24,13
540,481,5,32,24,12
540,482,5,30,23,12
540,482,5,33,24,13
540,482,6,31,22,13
540,482,6,29,20,14
540,482,6,28,21,14
540,482,6,32,26,14
540,482,5,31,26,14
541,482,6,29,26,13
540,483,6,29,30,13
539,482,6,30,34,13
539,483,6,28,34,13
539,483,5,26,35,13
539,483,6,27,37,13
540,482,5,27,33,12
539,483,6,32,30,13
540,482,5,29,29,13
539,482,5,31,28,13
540,482,5,29,29,13
540,483,6,29,29,14
540,482,6,28,28,13
540,483,5,29,26,13
540,482,6,33,28,14
540,482,6,30,28,13
542,482,6,28,27,14
540,483,5,28,23,14
539,483,5,28,24,13
540,481,5,31,24,14
540,482,5,33,21,14
539,482,6,34,20,14
540,482,6,30,22,13
539,483,5,29,19,14
540,482,6,29,19,13
540,482,5,30,20,13
539,482,6,27,21,13
540,482,5,30,19,13
539,483,6,30,19,13
540,482,5,29,17,13
540,482,6,32,21,13
540,481,5,29,22,12
539,483,5,31,23,12
540,483,5,31,28,12
540,483,5,30,29,13
541,482,5,31,31,14
540,484,5,33,30,13
539,482,6,33,32,14
541,482,6,42,33,14
540,483,6,37,37,14
539,482,6,34,40,15
540,481,6,33,39,16
540,482,6,35,38,17
540,482,6,32,37,17
540,482,6,32,35,16
542,482,5,30,32,17
540,482,6,30,32,17
540,482,5,31,31,19
539,483,5,28,29,20
540,483,6,29,24,22
540,482,4,29,25,25
540,482,6,27,24,25
540,484,5,28,21,26
538,482,6,33,27,24
540,482,5,32,24,22
540,483,6,32,23,24
540,482,5,33,25,23
540,483,6,37,28,21
540,483,5,36,28,20
540,483,5,41,27,19
539,482,6,35,28,18
540,483,5,41,27,17
540,482,6,40,28,16
539,483,5,41,29,14
540,482,6,36,30,14
540,482,6,34,34,14
541,482,5,34,36,14
540,482,6,35,40,14
540,483,6,31,38,15
540,482,6,33,35,14
541,482,6,41,33,14
539,482,6,37,32,14
541,483,5,41,28,14
540,483,5,37,27,13
540,482,5,43,30,13
540,482,6,41,26,12
540,482,5,38,22,13
540,483,5,37,24,14
540,483,5,38,25,14
541,482,4,35,23,14
541,482,5,33,21,13
541,481,5,35,25,13
539,483,5,34,27,13
541,483,6,32,30,14
540,483,6,31,28,14
540,483,6,33,26,15
540,484,6,36,31,13
540,483,6,34,28,14
540,484,5,33,25,13
540,484,6,31,24,14
540,483,5,32,25,14
541,483,5,31,22,14
540,483,6,32,21,14
542,483,5,34,21,14
539,483,6,33,20,14
541,483,5,32,19,13
540,483,5,30,17,13
540,484,6,32,18,13
540,484,5,33,21,12
540,483,5,32,21,13
539,484,5,31,22,13
540,483,5,33,22,13
539,482,5,33,22,13
540,484,5,32,24,13
540,483,5,34,20,12
540,483,5,35,20,12
539,483,5,34,21,13
540,483,6,34,25,13
540,483,5,36,27,13
541,484,5,34,26,12
539,483,6,32,27,13
540,484,5,34,30,12
542,483,5,32,28,13
540,483,5,29,31,12
540,483,5,28,30,13
540,483,5,31,27,12
541,483,5,35,31,14
540,483,5,31,25,13
540,483,5,30,23,13
539,483,6,33,29,14
541,483,6,34,24,13
540,482,5,30,21,13
541,483,5,29,22,13
540,482,6,29,22,13
540,483,5,31,20,14
541,483,5,28,23,13
540,483,5,29,29,13
540,483,4,27,25,13
540,484,5,25,22,13
540,484,5,27,21,12
540,483,5,29,25,12
540,482,5,26,27,13
538,484,5,25,31,13
540,483,5,29,32,12
539,483,5,28,36,12
540,483,5,27,42,14
540,483,6,28,47,13
540,482,6,26,50,12
540,482,5,26,54,13
541,483,6,24,54,13
540,483,6,28,51,13
541,483,5,32,59,12
540,482,5,29,62,13
540,483,5,30,59,13
540,483,5,34,60,13
541,483,5,32,64,12
540,483,5,29,61,13
541,483,5,36,55,13
540,483,5,32,58,14
540,483,5,29,58,14
540,482,5,34,56,14
540,483,5,37,53,16
541,483,5,38,56,17
540,484,6,32,59,16
540,483,5,30,55,15
539,483,6,35,52,15
539,483,5,34,54,14
540,483,6,31,55,14
540,482,6,31,52,14
540,483,5,32,54,13
540,483,6,31,54,14
540,484,6,31,54,13
540,483,5,30,51,13
541,483,6,31,47,13
540,482,6,34,42,13
541,483,6,31,39,13
541,483,6,27,35,13
540,482,6,28,34,13
541,481,5,35,33,13
541,483,6,35,33,13
540,483,5,31,35,13
539,482,6,31,33,13
541,483,5,32,31,13
541,483,5,31,29,13
540,481,6,29,32,14
540,483,5,28,31,13
540,483,5,36,30,13
540,484,5,36,35,12
539,484,5,34,33,14
540,483,5,34,34,12
540,482,6,31,37,13
540,483,6,30,37,12
540,483,6,29,39,12
540,484,5,31,38,13
540,483,6,29,37,12
541,483,7,32,34,13
540,483,6,36,37,12
540,483,6,34,39,13
540,483,5,34,42,13
542,483,5,33,49,12
541,483,6,34,56,13
540,483,5,29,62,13
540,483,6,32,61,13
541,484,6,31,62,13
540,483,5,34,60,14
541,483,5,32,66,14
540,483,5,29,59,15
540,483,5,30,52,16
540,483,5,35,51,17
540,483,5,34,47,16
540,483,5,37,52,14
540,483,5,37,48,14
540,483,5,36,50,15
540,483,5,32,54,14
540,483,5,36,50,14
540,483,5,33,54,13
540,483,5,33,53,14
540,484,5,29,52,13
540,483,5,32,51,13
541,484,6,31,53,13
540,482,6,28,54,13
541,483,5,29,47,12
540,483,5,30,49,13
540,483,5,34,43,13
541,483,5,31,45,12
542,484,5,31,40,14
541,482,5,31,41,13
540,481,5,32,39,13
541,482,5,31,36,13
540,483,6,29,43,14
541,483,5,33,38,14
540,483,5,34,37,14
541,483,6,35,44,14
540,482,5,33,50,15
540,482,5,33,48,15
540,484,6,30,48,14
539,483,4,31,43,14
540,483,5,30,48,14
540,483,6,36,42,14
540,481,6,39,41,13
540,483,6,38,37,13
540,483,6,35,40,14
540,483,6,35,43,15
541,482,6,35,45,15
540,483,5,33,45,14
540,483,6,34,50,14
541,484,5,40,53,13
540,482,6,41,49,14
541,483,6,44,48,13
540,482,5,39,46,13
540,482,6,38,46,14
541,483,6,37,45,13
540,483,5,33,52,13
541,483,5,33,44,13
540,483,5,35,42,13
540,482,5,34,44,14
540,481,6,33,39,15
540,482,6,31,37,15
540,482,5,31,36,14
540,484,6,32,34,14
540,484,4,31,36,13
538,483,5,33,30,13
539,482,5,35,27,13
541,483,5,37,25,13
540,483,5,41,29,13
539,483,5,39,34,12
540,482,5,37,31,13
539,484,6,40,31,12
539,483,5,38,34,13
540,483,5,42,33,13
540,483,5,39,35,14
539,482,5,40,37,14
541,482,6,41,35,14
541,483,6,42,31,16
540,482,5,40,36,17
540,482,6,42,37,15
541,482,5,41,36,15
540,482,6,43,44,16
540,482,5,41,44,16
540,482,5,36,38,17
540,483,5,38,42,17
540,483,5,38,37,18
541,483,5,35,42,18
539,483,5,34,36,16
540,483,5,37,37,16
541,482,4,38,34,15
540,484,5,41,30,14
540,482,5,39,29,14
540,481,5,41,30,14
540,482,5,39,26,13
539,483,5,39,28,13
540,483,6,42,35,13
540,483,5,38,30,12
540,482,5,36,29,13
540,483,5,33,28,13
541,483,5,33,26,13
540,483,5,31,23,13
540,483,5,34,24,12
540,481,5,37,32,13
540,484,5,33,30,13
540,482,4,30,27,14
541,482,6,28,37,13
539,482,5,29,39,13
540,483,5,38,37,12
540,482,6,35,41,12
540,483,5,34,46,13
540,482,5,32,46,13
540,483,5,28,45,13
539,483,5,31,47,12
539,483,6,32,52,13
540,483,5,31,49,12
541,483,5,35,50,13
539,483,5,37,49,13
539,483,5,33,42,13
539,483,5,34,45,13
539,483,5,45,48,14
540,483,4,42,43,14
540,483,5,37,47,15
539,482,5,33,43,14
540,482,5,35,42,14
540,482,6,36,45,14
539,482,5,34,44,13
543,483,5,35,42,13
540,481,5,32,39,13
541,482,5,33,36,13
539,482,5,39,33,14
541,483,5,34,29,13
539,482,6,37,26,14
540,482,5,37,29,15
541,482,5,36,31,17
540,482,5,36,31,17
539,483,5,32,31,16
539,483,4,31,36,14
539,483,5,30,34,14
539,483,5,30,34,14
540,482,5,29,31,13
540,482,5,27,34,13
541,482,5,26,32,13
540,482,5,36,31,13
539,482,6,35,31,13
539,482,6,36,30,13
539,482,6,42,33,13
540,483,6,35,31,12
541,482,5,33,31,12
540,483,6,37,32,13
539,482,5,35,30,13
539,482,6,31,32,13
540,483,6,38,36,12
540,482,6,35,31,12
540,482,6,36,29,13
540,481,6,32,33,13
540,482,6,38,36,12
540,482,6,34,38,13
539,482,5,31,43,13
538,481,5,28,46,13
539,480,5,27,53,13
539,481,5,28,55,13
540,481,5,27,68,12
540,482,5,26,66,13
539,482,5,29,68,14
538,483,4,31,74,16
538,483,5,30,79,18
540,482,6,29,75,21
539,483,5,29,79,21
541,483,5,25,77,19
539,483,6,26,75,19
539,482,6,32,70,18
539,482,6,33,64,17
539,482,6,30,61,19
539,483,6,28,58,20
540,481,6,30,58,21
541,481,6,28,52,22
540,481,6,30,49,22
539,481,6,29,45,22
540,482,5,33,39,21
540,482,5,32,34,20
540,481,5,33,36,21
540,482,5,33,31,23
540,482,6,35,30,22
540,482,6,34,29,20
540,482,5,32,32,20
540,482,5,30,28,21
540,481,6,33,32,24
540,482,7,32,30,25
540,481,7,29,29,25
539,483,6,28,26,25
540,481,7,30,28,23
540,482,6,30,32,20
540,482,6,28,29,18
540,482,5,26,32,16
540,482,5,30,39,16
540,482,5,32,35,18
540,483,5,29,37,18
540,483,5,28,37,16
540,481,6,29,38,16
540,482,6,32,36,15
539,482,5,32,38,15
540,483,6,29,35,15
540,482,5,27,31,14
541,482,5,26,36,14
540,482,5,25,30,14
540,482,5,26,25,13
539,481,6,24,28,13
540,482,5,25,25,13
540,482,5,26,24,13
540,482,5,26,20,13
540,481,5,27,25,13
541,481,6,26,25,13
539,482,5,31,24,13
539,483,5,29,24,13
541,482,5,27,25,12
539,482,5,33,27,14
540,483,5,34,30,16
540,483,5,33,30,20
539,484,5,31,32,26
540,482,6,31,31,29
539,482,6,27,29,32
539,482,5,30,27,36
540,482,6,31,28,37
540,482,6,32,26,36
540,482,5,33,24,34
539,481,6,30,26,32
540,482,6,27,24,27
540,482,6,28,27,24
541,482,6,25,26,21
540,482,5,30,29,20
540,482,5,29,32,18
540,481,6,27,29,16
540,482,5,30,31,16
540,482,5,31,29,15
540,482,6,28,32,14
540,482,6,29,30,14
540,482,6,31,30,13
540,481,5,35,33,13
539,482,5,34,31,13
540,482,5,32,31,13
540,482,6,29,28,13
540,481,6,33,36,13
540,482,6,37,34,13
540,482,5,33,33,13
540,483,6,32,29,13
539,482,5,38,29,12
540,482,5,35,27,13
540,483,5,31,23,12
540,482,6,28,21,13
540,482,5,30,25,13
540,481,5,32,26,13
541,482,5,31,26,13
540,482,6,28,21,13
539,482,5,32,20,15
540,482,5,31,24,15
540,482,5,30,21,14
540,482,5,29,22,14
540,482,6,30,26,15
540,482,5,28,28,14
540,483,5,28,24,14
540,482,4,29,36,14
539,482,5,27,30,14
539,482,5,30,29,13
540,482,6,31,27,13
540,482,5,37,25,13
539,482,5,33,27,13
540,482,5,38,29,13
540,482,5,39,29,12
540,481,6,39,26,13
540,483,5,34,23,13
540,482,6,36,22,13
540,483,6,36,22,13
540,482,6,37,22,14
540,481,6,39,24,18
540,482,5,37,25,19
540,482,5,42,23,20
540,481,6,43,26,21
540,482,5,38,24,20
540,481,5,34,22,21
540,482,6,42,28,20
540,482,5,43,30,20
540,483,6,38,26,20
540,483,5,34,26,19
540,482,5,32,23,18
540,481,5,38,22,17
540,482,5,37,20,16
539,482,6,34,21,15
540,482,5,31,19,15
540,483,5,31,18,14
540,482,6,34,20,15
540,482,6,34,29,15
540,482,6,31,29,15
540,482,6,32,30,14
540,482,5,36,30,13
541,482,6,35,36,13
540,482,6,32,37,14
539,482,5,31,39,13
540,483,6,28,47,13
539,481,6,31,45,14
541,482,6,31,46,15
540,481,6,32,53,15
540,482,6,35,49,15
540,481,6,36,48,16
540,482,5,32,45,16
540,482,5,32,45,15
540,482,5,31,36,14
539,482,5,31,30,13
540,482,5,32,27,14
540,482,5,31,25,15
539,482,5,33,22,14
541,482,5,31,26,14
540,483,5,28,23,14
539,482,4,26,22,16
540,482,5,25,21,17
539,482,5,36,24,17
539,482,5,33,24,16
541,482,5,32,21,15
539,483,5,29,25,15
540,482,6,32,26,16
540,481,5,34,24,15
540,482,5,33,25,15
540,482,6,31,24,16
541,482,5,29,21,15
541,482,5,29,21,16
541,482,5,32,21,16
540,482,5,32,27,18
540,482,5,33,24,19
540,482,5,33,24,19
540,482,4,32,20,22
540,480,5,35,26,27
540,483,5,33,23,31
540,482,5,30,21,35
540,482,5,30,20,36
540,482,5,27,23,38
539,482,4,27,22,33
540,482,5,32,23,31
540,482,5,31,22,27
540,482,6,33,22,24
539,482,5,31,24,22
541,482,5,32,23,19
540,483,6,37,21,18
539,482,5,36,24,16
540,482,6,36,28,16
540,483,5,37,25,15
540,482,5,38,30,14
542,481,6,35,30,14
540,483,5,34,31,14
540,482,6,31,30,14
540,481,6,31,27,16
541,482,5,32,27,17
540,482,5,29,30,17
541,482,5,28,28,15
540,482,5,30,29,15
541,482,5,28,25,15
540,481,5,28,27,13
539,482,5,25,32,14
540,482,6,23,29,14
540,482,5,23,28,14
540,482,4,36,29,14
539,483,5,32,30,14
540,482,4,31,32,14
540,483,5,34,33,14
540,482,5,30,38,14
539,482,5,29,37,15
540,482,6,28,36,14
539,482,5,27,39,14
540,482,5,30,42,15
539,483,5,28,40,14
540,481,5,31,37,14
539,482,5,34,39,14
541,482,6,32,37,13
540,481,6,29,39,13
540,480,5,26,40,13
540,481,5,30,38,13
540,482,5,31,43,13
540,482,5,28,41,13
540,482,5,26,38,14
541,482,5,26,36,12
540,481,5,29,36,13
540,482,5,26,35,13
540,482,6,24,32,12
540,482,5,25,31,13
540,481,6,24,29,13
539,482,5,27,29,13
539,482,5,27,30,13
539,482,5,36,29,14
539,482,5,36,27,14
540,482,4,36,30,15
540,482,5,30,29,15
540,482,5,29,26,14
540,482,5,30,25,15
540,483,6,27,29,17
540,483,5,27,27,16
540,482,5,24,25,16
540,482,5,24,25,16
540,482,5,23,25,17
540,482,5,22,25,16
540,482,5,26,27,15
540,481,5,29,27,15
541,481,5,28,29,14
541,482,5,25,27,14
541,481,5,27,28,13
539,482,5,26,27,14
541,482,5,29,28,14
540,482,5,33,27,13
540,482,5,30,24,14
539,482,5,31,25,16
540,482,5,32,25,16
539,482,5,32,30,19
539,481,5,30,28,20
539,482,5,28,25,20
539,482,5,29,24,18
540,482,5,30,21,18
539,482,6,29,20,18
539,481,5,31,19,21
540,482,6,31,20,20
540,482,6,32,19,21
540,482,5,29,16,23
540,482,6,27,18,25
540,482,5,26,19,26
540,482,5,26,21,26
540,482,6,28,20,25
541,481,5,30,20,23
540,481,5,29,18,20
541,482,5,29,19,19
540,480,6,32,17,19
540,483,5,29,17,19
540,480,6,27,18,17
541,481,6,35,21,17
540,482,6,33,20,16
540,481,5,35,25,15
539,482,6,36,32,14
540,482,6,34,29,14
540,482,5,32,25,14
540,482,5,31,26,14
540,482,5,36,22,14
539,483,5,35,24,13
540,482,5,34,20,12
539,482,5,35,18,12
539,482,5,33,20,12
539,483,5,29,19,12
539,482,6,32,21,13
540,483,6,33,23,13
540,482,6,30,26,13
540,481,6,27,24,13
539,482,6,28,25,13
540,482,6,33,24,14
540,482,6,32,24,14
539,481,5,32,22,13
539,482,6,37,26,13
540,482,6,34,25,13
540,482,6,33,29,13
540,481,6,34,30,13
541,482,5,35,27,13
540,481,5,35,30,13
539,482,6,34,28,13
539,481,4,34,25,13
540,482,5,33,24,13
539,483,5,33,34,15
540,482,6,34,29,15
540,481,5,32,29,19
539,482,5,32,29,23
540,482,6,28,26,25
539,482,5,32,27,23
540,482,5,29,25,21
539,482,5,30,24,19
540,482,5,29,25,17
540,481,5,33,22,18
540,481,5,29,21,17
540,482,5,28,19,16
541,481,6,34,25,16
540,481,6,38,24,17
540,481,5,34,22,20
540,481,6,36,19,23
540,482,6,38,18,25
539,482,6,42,24,26
540,481,6,43,28,26
540,482,5,50,32,25
540,482,6,51,32,27
540,481,6,49,29,26
539,482,6,51,32,24
539,481,5,45,35,25
540,481,5,47,42,24
539,481,4,45,40,22
538,482,5,42,40,23
538,482,5,46,38,21
540,483,5,45,37,22
540,482,5,50,40,20
539,481,5,50,41,19
540,481,5,45,43,19
540,482,5,44,41,17
540,482,5,45,46,17
539,482,6,46,42,21
540,481,5,43,37,27
539,480,6,38,36,30
540,482,5,46,44,29
541,482,5,43,46,27
540,480,5,48,45,25
537,480,6,46,42,22
540,481,5,43,46,20
539,483,7,49,49,18
540,483,6,44,48,16
541,484,6,50,46,16
540,480,6,46,48,15
540,481,6,42,46,15
541,482,6,51,44,14
539,483,5,49,46,14
540,481,5,45,47,14
539,482,5,51,43,14
539,483,5,50,50,13
540,481,5,62,56,14
539,481,5,54,57,13
540,481,5,57,53,14
539,482,6,58,66,13
540,482,5,63,59,13
541,483,5,69,60,13
540,482,5,57,54,13
540,482,5,69,58,13
541,482,6,62,56,14
539,482,6,63,50,14
540,481,4,74,56,16
539,482,6,72,53,17
540,483,6,66,47,17
539,483,7,67,51,16
541,481,7,68,53,15
541,480,6,70,55,15
539,481,7,73,49,15
538,484,7,74,43,14
541,483,9,89,54,14
539,482,11,96,65,13
540,483,12,90,65,14
541,482,13,85,84,14
540,485,15,80,90,17
540,480,15,73,94,15
540,479,18,73,113,15
540,483,19,78,124,16
540,484,16,81,135,20
541,485,13,75,134,22
539,480,13,73,140,23
540,480,11,81,143,23
540,480,10,79,136,27
540,481,10,75,139,27
539,481,9,72,132,28
540,482,8,72,129,31
539,482,7,77,114,34
540,482,7,74,122,36
539,482,7,85,103,37
541,480,6,97,96,42
540,481,6,89,82,41
540,480,6,87,78,39
539,483,6,88,77,39
538,482,5,91,63,36
539,481,5,89,58,32
540,483,6,97,51,27
539,483,5,101,50,31
539,482,6,102,45,28
539,483,6,103,41,29
539,482,6,100,45,30
541,482,8,100,55,29
539,482,8,95,60,29
539,483,14,103,72,32
539,483,15,110,75,32
539,484,20,109,90,32
539,483,21,120,80,30
540,482,21,117,76,31
539,484,25,131,86,30
539,483,25,130,80,30
538,481,29,137,85,29
539,483,31,137,84,31
539,482,37,143,88,35
539,482,41,144,85,35
539,482,41,154,83,33
539,483,38,159,83,34
539,482,44,163,80,35
539,482,46,169,79,41
539,482,47,168,75,41
539,482,50,168,73,41
538,484,50,175,69,37
539,482,54,178,65,34
539,481,56,182,66,32
539,481,55,188,57,33
539,482,52,194,65,33
539,483,56,194,69,31
538,482,58,188,65,30
538,482,58,209,68,29
538,483,56,198,71,30
539,482,53,199,73,32
538,482,53,207,70,29
538,484,50,210,70,27
539,483,45,214,67,26
539,482,45,208,67,23
539,483,41,204,63,22
538,483,40,206,68,23
539,482,42,204,66,21
539,482,39,202,64,21
539,483,39,208,66,24
540,484,42,221,77,26
539,482,42,217,71,26
540,481,40,221,67,28
541,481,37,208,66,26
539,482,34,221,71,28
539,483,32,207,70,27
538,483,27,209,62,30
539,482,25,216,56,32
539,482,25,207,50,31
539,482,24,207,54,33
539,482,21,200,55,31
538,482,19,203,58,30
538,482,21,200,67,27
539,482,20,191,62,25
539,481,18,193,64,27
539,483,21,181,63,27
538,483,21,192,69,28
539,481,18,179,71,27
539,482,18,180,62,24
538,482,17,170,61,22
539,482,17,175,63,20
539,482,15,165,59,19
538,482,15,171,63,18
539,482,15,170,59,19
539,483,16,157,61,18
538,483,20,171,63,17
538,482,20,165,61,17
538,482,21,164,61,17
538,482,21,169,68,16
538,482,23,171,68,15
539,482,24,164,69,16
538,482,24,155,65,16
538,482,25,159,67,16
538,482,25,159,69,15
539,483,24,152,61,18
539,482,27,158,72,22
539,481,28,159,70,23
539,482,30,151,65,22
538,482,31,158,67,20
539,482,31,150,57,19
538,482,34,145,61,17
539,482,33,145,57,16
539,482,33,144,52,16
538,482,33,144,48,15
539,483,32,134,47,15
539,481,29,129,43,15
538,483,29,129,49,15
538,482,25,117,42,14
539,481,25,128,52,14
538,482,23,117,51,13
538,482,20,115,45,14
539,481,19,114,45,15
539,482,16,112,47,15
538,481,14,112,46,14
537,483,13,109,40,15
539,483,14,106,56,17
539,482,13,116,59,16
538,481,11,100,51,15
538,482,10,102,49,15
538,483,10,109,46,14
539,482,9,116,41,16
538,483,9,108,39,15
538,482,9,110,42,16
539,482,10,106,40,16
539,482,10,106,36,17
538,482,10,104,38,18
538,483,9,98,44,23
539,482,9,88,40,21
539,481,7,103,43,23
539,481,7,98,38,21
539,482,7,101,40,22
538,483,6,96,43,21
540,481,6,88,42,20
538,481,6,90,41,21
538,484,5,88,38,19
539,482,7,80,39,18
539,483,6,77,35,20
539,482,6,80,33,20
539,482,6,75,38,20
538,482,6,76,32,20
539,481,8,85,32,22
539,481,7,81,28,21
538,482,6,79,31,21
538,482,6,73,32,22
538,482,6,75,29,22
539,483,6,70,29,20
538,483,6,75,27,20
538,482,6,87,32,19
539,481,6,77,28,19
540,481,6,86,33,18
538,482,5,81,32,18
539,483,5,81,31,20
539,483,5,96,29,23
538,483,5,90,32,27
539,482,6,80,28,27
539,482,5,88,27,25
538,482,5,90,30,22
538,483,6,81,33,20
538,482,6,73,37,18
540,481,6,76,37,17
538,482,6,75,36,16
540,482,6,87,34,16
539,482,8,79,39,17
539,481,7,65,37,18
539,483,7,64,32,17
539,482,6,61,33,17
539,483,6,59,32,17
539,481,6,65,37,17
538,481,6,66,36,17
538,480,6,62,31,19
539,482,5,60,28,18
539,483,5,60,25,17
540,483,5,58,24,15
538,482,5,52,23,15
539,482,5,53,28,15
539,482,5,61,35,15
538,483,6,58,34,14
539,482,6,64,38,14
539,483,6,64,45,14
538,483,7,83,53,14
539,482,7,71,53,15
539,482,6,64,58,15
539,482,6,84,57,15
539,483,6,82,58,14
538,483,5,74,57,14
538,483,7,74,59,14
539,481,6,66,63,14
538,481,6,70,69,13
539,482,6,60,70,13
539,483,6,56,75,13
538,483,6,51,77,13
540,483,5,59,82,12
538,482,6,57,86,12
539,482,6,54,84,13
539,482,5,49,82,13
539,482,5,47,81,13
539,482,6,54,86,14
538,483,6,58,79,14
539,482,6,59,83,15
538,482,6,60,80,15
538,482,5,58,78,15
539,482,6,61,75,15
539,482,5,63,76,14
538,482,5,66,67,14
539,482,5,64,66,15
538,482,5,68,63,14
539,482,5,68,58,15
540,483,5,70,60,15
538,483,5,72,56,15
538,481,6,70,70,15
541,480,6,75,62,14
540,482,5,76,56,14
538,483,5,77,58,14
538,482,5,75,49,14
544,479,5,80,48,15
537,480,5,81,58,15
541,484,5,84,51,14
538,483,5,86,46,14
539,481,5,87,53,14
538,480,5,89,49,14
540,482,5,88,42,14
538,483,6,90,46,14
540,484,5,89,51,15
538,482,5,87,53,14
538,481,5,87,44,15
539,482,5,95,45,14
538,482,6,93,44,14
539,483,5,90,45,15
539,481,6,98,55,14
539,482,5,90,49,14
539,482,5,88,44,14
539,482,6,89,47,14
539,482,6,91,45,13
539,482,6,82,46,13
539,481,5,83,43,13
539,482,5,84,41,12
538,481,6,83,50,13
538,482,6,82,42,12
538,482,5,82,41,12
539,482,6,86,44,12
538,482,5,90,40,13
538,482,5,99,40,13
539,482,5,96,41,13
539,482,5,98,44,13
539,481,5,104,38,12
538,482,5,103,36,13
539,483,5,107,32,13
539,481,5,109,28,13
540,482,6,105,36,13
539,481,5,113,33,13
538,482,5,117,35,13
539,482,5,116,37,13
539,483,5,120,42,13
538,481,5,117,37,13
539,482,5,113,38,13
538,482,5,111,41,12
540,482,5,112,40,12
538,481,5,112,43,13
539,482,5,111,39,13
538,481,6,109,38,13
538,481,5,107,33,13
538,482,6,105,29,13
539,482,6,101,26,12
538,482,5,97,31,14
539,481,5,98,30,12
539,482,5,99,29,13
538,481,5,98,28,12
540,481,6,101,34,13
539,481,5,94,32,15
539,481,5,94,28,14
539,481,5,94,27,14
539,481,6,98,29,13
539,480,6,95,26,13
539,482,6,92,25,13
539,481,5,93,24,13
539,481,6,91,21,12
538,481,6,97,24,13
538,481,5,94,22,13
540,481,6,95,18,13
538,481,6,92,19,13
539,481,6,96,27,13
539,480,6,94,25,13
539,481,5,89,29,13
539,481,6,94,34,13
539,481,6,87,37,13
539,481,4,87,40,12
539,481,5,86,43,13
538,481,5,81,49,12
539,481,5,83,49,13
540,481,5,85,52,13
538,482,5,86,48,13
540,481,5,84,53,14
539,481,5,86,51,14
540,481,5,85,50,13
538,482,6,84,57,13
539,482,5,83,53,13
540,482,6,84,49,13
539,481,5,80,50,14
539,481,6,80,50,14
539,481,5,78,54,14
539,482,5,76,51,14
539,482,5,74,45,14
540,481,5,74,40,15
539,481,5,72,39,17
538,481,5,68,38,17
540,481,5,66,36,16
539,481,6,66,33,16
539,481,6,64,35,15
539,481,5,64,32,15
539,481,6,61,34,16
539,481,5,73,33,16
539,481,5,69,40,16
540,482,5,70,35,15
539,481,5,73,31,15
539,481,5,75,29,14
541,481,5,68,27,15
540,481,5,75,35,14
539,481,5,76,30,13
539,481,5,70,26,14
538,483,5,74,27,14
538,482,5,72,28,13
540,482,5,68,26,13
539,481,5,70,24,13
539,481,5,72,21,13
539,481,6,74,18,12
539,481,6,76,27,13
539,482,6,90,29,12
539,480,6,84,26,12
539,481,5,82,25,13
539,481,6,81,29,13
539,482,6,86,24,12
540,481,6,91,21,13
539,482,6,88,20,12
539,481,6,83,24,13
539,481,6,82,21,13
539,481,6,76,21,13
539,481,5,71,21,13
539,482,5,70,32,13
539,481,6,62,27,12
539,481,6,64,24,13
539,481,6,57,25,13
539,481,5,50,31,13
540,481,6,44,32,14
539,481,5,47,32,14
540,481,5,49,29,14
539,481,6,46,33,14
539,481,5,48,33,14
540,481,5,53,26,13
539,482,5,59,25,13
540,482,5,52,23,13
539,481,5,53,28,13
539,481,5,53,23,13
539,481,5,61,22,13
539,481,6,59,20,13
539,482,5,58,24,13
539,482,6,57,25,12
539,482,5,57,23,12
537,481,5,55,23,13
539,481,5,54,29,13
539,481,5,55,27,13
539,481,6,55,28,13
540,481,5,50,32,13
539,481,5,53,31,14
539,481,5,56,31,13
539,481,5,48,32,13
539,481,5,47,34,12
539,481,5,42,29,13
539,481,5,41,25,12
539,481,6,40,31,14
540,482,6,42,26,14
539,480,5,46,23,14
539,481,6,46,20,13
539,482,5,41,21,14
539,481,6,36,26,14
539,480,5,34,27,13
539,481,5,35,24,13
539,480,5,39,22,13
539,481,6,39,26,14
539,481,5,43,24,14
540,482,6,54,23,14
539,481,5,54,23,14
540,482,4,55,33,14
539,482,5,54,33,14
539,483,5,51,33,13
539,482,5,50,31,14
540,482,6,44,35,13
539,482,5,46,40,14
540,481,6,45,35,14
539,482,5,42,35,13
539,482,5,44,31,14
538,481,5,41,36,15
539,481,5,39,31,17
539,481,5,39,28,17
540,482,6,44,28,16
538,482,5,45,36,14
540,481,4,40,33,14
539,482,5,42,29,14
539,482,5,45,28,13
538,481,5,40,32,13
539,482,5,40,35,13
539,482,5,41,35,12
538,481,5,45,35,13
538,483,5,39,36,13
539,482,5,38,35,13
540,482,5,42,33,13
539,481,5,42,31,13
538,482,5,39,33,15
540,482,5,44,29,15
540,482,5,46,27,16
539,482,6,43,33,17
539,482,5,41,28,17
540,482,5,38,26,16
539,482,5,37,28,15
540,482,4,38,36,15
540,481,6,40,35,14
539,483,5,47,34,15
539,482,6,47,42,15
539,481,6,45,38,15
539,482,6,43,35,15
539,482,6,39,38,14
540,482,6,41,47,14
540,482,5,44,45,15
539,481,5,48,43,15
539,481,5,43,43,15
539,482,5,38,50,16
539,482,6,37,44,16
539,482,6,40,45,17
540,481,5,44,44,17
539,481,5,40,46,17
539,482,5,36,45,16
540,482,7,44,42,15
539,483,6,39,42,14
539,482,7,43,37,14
539,482,7,43,37,13
539,482,7,55,33,13
539,482,6,51,33,13
539,482,7,44,34,13
539,482,6,44,33,13
540,482,6,41,34,13
537,482,7,49,37,13
539,482,7,43,40,13
539,481,7,44,36,13
540,481,6,47,34,13
539,482,6,46,31,12
539,482,5,45,32,13
538,482,5,42,33,13
540,482,5,41,30,14
539,482,5,41,25,14
539,481,6,40,28,14
539,482,5,39,28,13
539,482,5,37,24,14
539,482,6,43,22,13
539,482,5,43,31,13
539,483,5,37,29,12
539,482,5,36,26,12
539,482,5,35,23,13
540,482,5,41,31,16
539,482,5,49,30,15
538,482,5,43,26,16
541,481,5,43,22,21
540,482,5,39,25,24
539,482,5,37,23,22
539,481,5,34,21,20
538,483,5,37,29,19
539,482,5,41,33,17
540,482,5,47,28,16
539,483,5,44,24,16
539,481,5,44,31,15
539,482,5,42,26,14
539,482,5,45,23,14
539,482,5,42,21,14
539,482,5,39,25,14
540,482,6,40,27,15
539,481,5,38,24,15
539,482,5,34,21,16
540,481,5,30,27,17
540,481,5,33,23,17
539,482,5,38,23,19
539,481,5,36,25,17
539,482,5,37,31,17
539,481,4,38,28,16
539,482,5,42,26,17
539,482,5,41,30,15
539,482,6,41,27,15
539,482,5,44,24,14
539,482,5,41,23,14
539,482,5,41,30,13
539,482,5,39,26,14
538,482,5,38,29,14
539,482,5,40,26,15
539,482,5,42,31,15
540,482,5,40,34,15
540,482,5,38,46,15
540,482,4,36,56,16
540,481,5,34,70,16
537,484,6,35,78,19
539,482,5,37,85,17
540,482,5,35,95,17
539,482,5,44,94,16
539,481,5,42,98,16
539,481,5,37,95,15
539,482,5,41,96,14
539,481,5,47,98,15
539,482,4,45,96,14
539,482,5,46,94,14
539,482,5,49,99,14
539,482,5,44,100,15
540,482,5,46,95,14
540,482,5,52,92,13
539,481,5,61,91,13
539,482,5,63,89,13
538,481,5,58,97,15
538,482,5,55,93,17
539,482,5,58,94,17
539,483,5,55,93,20
539,482,5,61,95,22
540,482,6,53,90,21
539,481,6,56,92,21
539,482,5,54,90,20
539,482,6,53,88,20
540,482,6,59,88,19
540,482,5,59,88,17
539,482,5,58,86,17
539,482,5,57,88,16
540,482,6,55,89,15
539,481,5,48,87,14
540,481,6,56,88,14
539,482,5,53,89,14
540,481,6,52,81,14
540,482,6,53,82,15
539,482,5,53,81,14
538,482,5,48,83,14
539,482,6,42,83,14
539,481,6,47,77,14
539,482,5,47,72,14
539,482,5,44,71,13
539,482,6,47,64,15
538,481,5,49,64,15
539,482,5,46,63,15
539,482,5,47,56,15
539,482,5,44,54,18
539,482,5,47,54,18
540,482,5,48,54,18
539,482,5,42,52,16
540,482,5,40,47,16
540,482,5,46,48,16
539,482,6,45,46,18
539,482,6,40,49,19
539,482,5,46,49,19
540,482,5,45,47,17
538,482,6,43,48,17
539,482,5,48,49,16
540,482,5,47,56,16
539,481,5,48,52,16
540,481,5,46,53,15
539,481,5,55,53,15
539,482,5,54,57,15
539,482,5,49,57,14
539,481,5,49,58,14
539,482,5,43,54,14
539,482,4,47,56,14
539,482,5,47,58,13
539,483,5,44,60,14
539,482,6,39,60,14
539,481,6,44,58,13
539,481,5,44,54,14
539,481,6,52,53,14
539,482,5,48,52,14
539,483,5,46,48,15
539,482,6,44,42,15
539,482,5,43,39,15
540,482,6,41,34,17
539,482,6,41,32,16
539,482,5,41,31,16
539,481,6,35,29,16
540,482,5,40,29,18
538,482,4,39,36,20
539,482,5,43,35,22
539,481,5,47,34,21
539,481,6,44,33,20
539,482,6,40,39,23
538,483,5,42,38,25
539,482,6,44,35,23
538,482,5,45,39,22
539,482,6,42,36,20
539,481,5,40,40,19
539,482,5,46,41,17
539,482,6,43,41,16
538,482,5,45,41,15
540,482,5,40,37,16
538,483,5,47,41,17
539,482,5,50,38,17
540,482,4,49,33,16
540,482,5,48,32,15
539,482,5,53,29,16
539,481,6,48,31,15
539,482,5,51,27,16
539,482,5,49,25,16
539,482,5,47,25,15
540,482,5,47,23,16
539,481,6,51,28,18
540,482,6,49,34,19
539,481,5,51,31,18
540,482,5,48,29,19
540,482,5,50,29,19
538,480,5,46,30,17
539,482,5,43,32,17
540,483,5,48,30,16
540,481,5,53,25,16
540,481,5,51,32,17
539,482,5,50,27,16
539,481,5,51,26,16
539,481,5,46,30,16
540,482,5,42,27,15
539,482,5,41,25,15
539,482,5,39,28,15
539,483,5,39,29,14
540,481,5,41,29,14
540,483,6,38,27,14
540,482,5,37,31,13
539,483,5,38,30,13
538,483,5,37,29,12
540,482,5,42,30,13
539,481,5,39,30,13
540,482,5,36,32,14
538,482,5,38,33,14
538,482,5,35,33,13
538,482,6,36,36,13
539,482,5,32,37,13
539,482,5,32,40,13
540,481,5,31,38,13
539,482,6,30,33,13
540,482,6,28,32,12
538,482,6,30,34,13
539,482,5,31,34,14
540,482,6,33,34,14
539,481,6,30,34,14
538,481,6,27,30,13
539,481,5,32,32,13
539,482,5,29,35,15
539,482,4,30,32,14
539,481,5,29,43,16
539,482,5,26,44,18
538,481,5,28,39,19
539,481,6,28,44,20
539,482,5,31,43,20
540,481,6,39,39,19
539,482,5,40,43,17
539,481,5,42,42,16
539,481,6,40,36,15
539,480,5,40,37,14
540,481,5,46,36,14
539,481,5,47,34,14
539,482,5,50,31,13
539,480,5,53,33,13
538,480,5,62,34,14
540,481,4,61,32,13
539,482,5,56,37,13
540,482,5,61,30,14
539,482,6,64,29,14
540,480,5,62,34,13
539,482,5,55,34,14
539,480,6,56,35,14
539,480,5,53,37,14
540,481,5,56,32,13
539,481,6,52,32,13
538,481,5,46,37,14
540,481,6,46,38,14
539,481,6,46,40,13
538,480,6,46,42,13
541,481,5,48,38,14
541,481,5,47,32,15
540,481,5,46,28,17
540,482,6,40,28,17
539,481,5,38,28,17
541,481,6,36,27,17
539,482,5,32,27,15
538,482,6,31,24,14
539,481,6,31,28,14
540,480,6,27,23,14
541,481,6,26,21,14
541,483,6,26,27,14
539,482,6,24,24,15
538,480,6,25,27,15
539,481,6,26,31,16
540,481,6,28,34,16
541,482,6,29,39,16
539,481,6,26,33,17
538,482,6,24,33,17
540,480,6,25,34,18
539,482,6,26,32,19
540,481,6,26,28,18
541,482,6,26,45,16
540,481,6,24,38,15
539,481,6,23,36,14
540,481,6,24,38,14
539,481,6,25,35,14
541,482,6,23,32,13
540,482,5,22,31,13
540,481,6,24,33,13
539,480,6,25,28,13
540,482,6,25,29,13
540,481,6,25,28,13
539,480,6,28,30,13
541,482,6,32,29,13
539,482,6,31,27,13
540,480,5,30,37,13
540,480,6,31,30,13
540,481,6,29,31,13
541,483,6,29,31,13
540,481,6,36,34,14
538,481,6,34,37,15
539,481,6,33,39,14
539,480,6,31,34,14
541,481,6,30,32,13
540,482,6,31,35,14
539,481,6,31,37,13
539,481,5,33,31,13
540,481,6,30,34,13
541,482,6,31,32,13
540,481,6,32,36,12
540,481,6,31,37,13
540,481,6,31,42,13
540,483,6,31,47,13
541,482,6,31,45,12
540,481,6,27,48,13
539,480,6,24,48,12
539,481,5,25,56,13
539,481,6,23,64,12
540,483,6,22,60,12
541,482,6,21,68,13
541,483,5,23,76,12
539,481,5,21,73,13
539,481,6,24,73,13
540,481,5,24,75,13
540,481,6,23,83,13
540,482,6,24,78,14
539,481,6,25,78,13
540,482,6,23,88,14
539,482,6,23,83,16
540,481,6,22,90,15
540,481,6,22,87,17
541,482,6,22,84,16
540,482,6,23,78,18
541,481,6,22,86,17
541,482,6,26,82,20
541,482,6,23,83,20
541,478,6,26,88,19
540,481,6,26,94,17
539,481,6,28,89,17
540,482,6,27,93,17
542,483,6,27,98,18
541,482,6,24,97,18
541,481,6,23,95,18
540,481,5,23,97,20
539,481,6,22,90,19
542,482,6,22,89,18
541,482,6,21,92,18
540,481,5,21,87,17
540,481,6,21,78,16
539,481,6,20,80,15
541,482,6,20,79,15
541,482,6,22,71,15
541,482,5,22,72,14
540,481,6,21,71,13
539,481,6,21,66,14
540,481,6,23,72,13
541,482,6,25,67,14
541,481,6,25,64,13
540,481,5,25,77,14
539,481,6,27,75,13
540,481,6,24,69,14
541,482,6,26,59,15
540,481,6,25,61,16
539,482,6,23,57,20
540,481,6,24,63,20
540,481,6,27,59,20
540,481,6,26,57,23
541,482,6,25,57,26
541,481,6,25,52,25
540,480,6,24,46,24
540,481,7,23,70,23
539,481,7,23,57,23
540,481,6,23,63,22
541,482,6,24,63,20
541,481,6,23,58,19
539,481,6,22,48,18
540,481,7,23,68,18
540,481,7,23,65,21
540,482,7,25,77,25
540,481,7,25,71,29
540,480,7,27,75,35
540,481,7,28,91,38
540,481,7,29,84,38
541,482,7,25,69,36
541,482,7,23,64,34
541,481,8,23,64,31
540,480,8,22,61,29
540,481,8,24,59,28
540,481,8,24,57,26
540,481,8,23,51,22
541,482,7,24,75,21
541,481,7,23,62,18
540,481,6,21,56,17
540,481,7,24,61,16
539,481,7,24,58,16
541,482,6,23,57,15
541,481,6,21,47,15
540,481,6,28,67,15
539,481,6,26,57,15
540,481,6,27,50,15
540,481,7,26,52,16
541,482,8,27,55,15
541,481,8,27,49,16
540,480,7,25,47,17
540,481,7,25,50,17
540,481,6,28,45,17
541,482,7,24,43,17
539,481,6,23,35,16
540,480,6,22,34,16
540,481,7,20,32,15
540,481,6,21,30,15
541,482,6,22,30,15
540,481,7,24,39,15
539,480,7,27,40,14
539,480,7,29,38,15
540,481,7,31,31,16
540,481,7,34,48,18
540,481,7,39,40,19
540,481,7,36,33,19
540,481,9,34,41,19
539,481,8,32,45,17
541,481,8,36,38,17
540,481,8,36,39,16
540,481,10,35,40,17
541,482,9,38,33,15
541,481,10,35,52,17
540,481,10,31,43,18
541,482,9,27,43,17
540,480,9,28,48,17
540,481,8,24,39,16
540,481,8,23,40,15
539,481,8,21,36,15
541,482,8,22,43,15
540,481,7,25,45,14
540,481,7,24,41,14
540,481,7,27,44,14
539,481,7,24,39,16
539,482,7,23,41,15
542,482,6,24,47,15
539,481,6,24,42,15
540,481,6,24,36,14
540,481,6,24,35,14
540,481,6,26,36,14
539,480,6,24,30,13
540,481,6,24,35,13
540,481,6,27,37,13
540,481,6,29,35,13
541,481,6,29,34,13
541,479,6,30,55,13
540,480,5,34,49,13
540,481,5,30,42,13
540,480,5,28,41,15
540,481,6,29,44,15
541,482,5,34,37,15
541,481,5,31,41,16
540,480,5,35,39,17
540,480,6,36,39,18
540,480,5,36,38,19
539,480,5,36,37,21
541,481,6,34,37,23
541,482,6,35,34,23
540,481,6,36,45,23
540,480,5,36,46,21
540,480,6,33,44,21
539,480,6,35,56,23
540,480,5,45,50,21
539,481,5,41,47,22
540,480,6,44,42,23
540,480,6,41,42,26
541,481,6,39,41,27
539,480,5,38,38,30
540,480,5,36,40,33
539,480,5,37,37,34
540,481,6,34,41,35
540,482,5,32,34,35
541,482,5,29,35,35
541,480,5,28,33,34
540,480,5,26,37,31
541,480,5,24,31,27
541,480,6,26,33,25
541,482,5,28,28,23
540,481,6,30,27,21
540,480,5,33,28,19
539,481,5,35,27,22
540,481,5,33,41,23
539,479,6,33,35,26
542,481,6,32,31,27
540,482,5,35,32,29
539,480,5,36,30,28
540,481,6,35,33,28
540,480,6,33,35,27
541,481,6,32,29,27
542,482,6,35,28,27
541,481,6,40,32,26
540,480,5,43,33,26
540,480,6,47,47,26
538,480,6,46,41,27
540,481,6,45,34,28
541,482,6,46,32,28
541,481,6,49,43,29
539,481,6,45,38,27
540,480,6,39,33,25
540,480,6,35,29,24
541,482,6,34,38,23
541,481,6,31,31,22
539,480,5,27,30,21
540,481,6,26,32,19
539,481,6,24,30,17
541,482,6,24,31,16
541,481,6,26,29,17
541,481,6,26,29,17
540,480,6,27,27,19
540,481,6,29,33,22
540,481,6,33,33,24
541,482,6,30,28,25
540,481,6,26,25,24
539,480,5,25,31,23
540,481,6,26,39,21
540,481,6,27,36,19
541,482,6,32,42,18
539,481,6,29,40,17
539,481,6,27,41,15
539,480,6,25,39,15
540,481,6,25,35,15
541,482,6,27,37,15
540,481,6,27,38,14
540,481,6,26,35,14
539,480,6,26,40,13
539,481,6,27,37,13
540,481,6,26,32,13
541,481,6,26,31,13
540,480,6,26,28,14
539,480,6,27,32,13
540,481,6,26,30,14
539,480,6,25,26,13
541,482,6,30,22,13
540,482,6,36,23,13
539,481,5,35,21,14
540,480,6,35,21,14
539,478,5,38,22,14
541,484,5,35,25,14
539,481,6,32,33,14
541,481,5,31,30,14
540,480,6,29,38,14
540,479,5,28,33,15
539,482,6,25,33,18
541,483,6,27,37,18
540,481,6,28,44,19
539,480,5,26,39,20
540,481,6,28,38,19
540,481,5,28,40,18
539,481,6,28,48,18
540,481,6,33,48,19
539,480,5,31,47,20
540,481,5,31,49,19
540,482,5,30,49,17
541,482,5,28,43,17
539,481,6,28,47,17
539,480,5,30,42,16
540,480,5,27,37,15
539,481,5,24,45,15
539,481,6,24,38,15
541,482,6,24,33,16
539,480,7,25,28,16
540,480,6,23,26,16
539,481,6,28,26,16
541,482,7,32,37,15
541,481,6,29,35,15
540,481,6,27,33,15
539,481,6,27,58,16
539,480,8,29,51,15
541,482,7,29,44,14
541,481,7,28,41,14
539,480,6,29,47,14
539,480,6,29,41,13
540,481,6,28,35,13
539,481,6,26,36,13
541,481,6,24,38,13
541,481,6,23,41,13
540,480,5,27,37,13
540,480,5,25,32,13
540,481,6,27,47,13
539,480,6,29,39,13
541,481,5,33,33,13
541,481,5,34,42,14
539,481,5,34,37,14
540,480,6,33,30,14
540,481,6,30,28,14
541,481,6,29,32,13
541,482,6,30,30,14
541,481,6,27,27,13
540,481,6,27,33,14
539,481,6,28,41,14
540,481,6,29,45,13
540,480,5,27,51,14
540,481,6,27,50,13
541,481,6,25,51,13
540,480,6,29,44,14
540,480,5,29,46,14
539,480,5,27,41,14
540,480,5,27,35,14
540,481,5,26,45,13
541,482,5,26,42,13
541,481,6,30,43,13
541,481,6,30,46,13
541,482,6,26,42,13
540,481,5,25,41,13
539,480,5,29,40,13
540,481,6,32,44,13
539,480,6,31,47,14
540,481,6,27,43,14
541,482,5,28,49,14
540,480,5,28,53,14
540,481,5,27,54,15
539,480,5,27,49,15
540,481,5,30,44,14
541,482,6,31,50,14
540,481,5,34,46,14
540,480,5,35,47,15
539,481,5,34,44,16
540,481,5,32,43,15
540,480,5,31,44,14
541,482,6,30,44,14
541,481,5,31,44,14
539,480,5,33,45,13
539,480,6,33,49,14
540,481,5,30,43,13
541,482,6,32,50,14
539,481,5,33,49,13
540,480,5,32,52,12
539,481,5,34,51,13
539,481,5,33,55,13
541,481,5,32,61,14
540,480,5,29,55,14
540,481,5,29,63,13
540,480,5,29,65,14
539,480,5,29,68,14
540,480,5,26,61,14
540,481,6,29,60,14
540,481,5,28,69,15
539,480,5,26,62,15
540,481,5,27,65,15
540,481,5,29,64,14
541,482,5,29,65,15
539,480,5,26,62,16
539,480,5,26,63,16
540,481,5,25,56,16
540,481,5,26,53,15
541,481,5,30,49,15
540,481,5,27,51,14
539,480,5,26,48,17
540,480,5,24,39,17
540,480,5,24,32,19
540,481,5,26,42,20
540,481,5,26,56,20
540,481,5,25,51,21
540,480,5,25,42,21
540,481,5,23,36,20
540,482,5,25,40,19
540,481,6,25,39,18
540,481,5,25,33,17
539,480,6,24,30,17
540,480,5,28,46,18
540,481,5,27,38,19
541,481,5,25,33,19
541,482,6,30,37,18
541,481,6,29,32,18
541,481,5,27,36,19
541,480,6,31,34,17
540,480,5,29,32,17
540,480,6,27,28,17
540,480,5,29,27,19
541,482,6,27,40,20
540,480,6,27,40,21
540,479,5,27,40,20
540,480,6,26,39,18
540,480,6,27,39,17
541,482,6,28,38,16
540,480,6,30,44,16
539,480,6,29,40,15
540,479,5,29,33,16
540,480,6,31,31,18
540,480,5,31,41,20
541,481,6,30,36,23
541,482,6,29,32,27
541,480,6,26,32,27
540,480,5,24,38,25
539,480,6,23,36,23
540,481,6,28,38,22
541,482,6,26,36,20
540,481,6,23,39,18
540,479,5,23,38,17
540,480,5,25,35,16
539,481,5,25,33,15
