5\xfeX axis acceleration,Y axis acceleration,Bicep signal,Shoulder signal,Tricep signal,Forearm signal
504,464,25,88,65,320
502,470,21,98,60,327
506,469,26,87,60,328
505,468,39,78,57,329
504,468,44,83,55,293
508,468,38,96,53,282
506,469,37,95,52,318
501,471,31,98,57,282
497,466,40,89,47,324
499,462,35,84,45,336
494,465,55,81,51,297
485,467,46,92,48,365
501,466,41,85,43,318
496,470,35,88,35,324
494,474,28,95,33,368
499,476,38,94,30,330
498,476,28,106,28,324
498,477,28,103,25,276
503,476,54,94,24,261
502,476,41,89,26,225
499,477,42,100,29,263
505,479,56,82,28,257
504,481,47,88,28,272
501,482,42,83,30,293
503,479,39,82,26,278
503,476,33,73,26,262
503,477,51,67,29,242
503,476,41,76,27,310
503,479,45,78,29,268
505,474,41,82,26,229
501,470,31,98,25,253
499,471,31,97,24,228
497,474,41,104,33,199
498,475,65,104,35,283
493,477,59,97,34,259
492,478,54,110,41,271
495,483,42,115,43,265
496,486,47,130,44,250
495,485,45,109,43,275
494,483,50,117,39,267
492,487,38,121,37,269
500,488,31,109,36,248
498,488,32,103,37,251
498,484,39,107,34,235
494,484,49,107,34,254
502,487,59,94,31,249
499,488,61,98,32,230
504,487,57,86,31,267
502,485,60,83,27,280
503,481,61,90,31,238
502,482,71,81,29,210
507,482,54,87,36,215
505,486,42,90,36,214
504,487,50,88,38,239
502,485,44,92,34,234
502,483,67,87,31,222
501,483,65,92,30,238
501,483,50,108,30,206
502,486,58,115,36,205
500,485,55,100,31,188
501,484,51,105,35,253
495,486,40,101,34,293
499,485,68,105,31,285
497,486,54,98,33,255
495,488,43,89,31,399
495,489,42,99,29,384
496,484,48,103,34,397
498,484,52,101,36,385
500,482,51,115,40,367
507,488,37,112,46,337
503,488,37,112,53,317
506,488,36,97,54,381
504,488,36,101,59,381
508,488,33,92,61,376
505,488,34,101,67,412
507,488,36,108,71,379
507,489,31,106,71,395
507,488,52,90,74,339
509,484,42,107,75,320
502,489,41,103,75,343
504,488,38,95,75,318
505,493,41,105,82,328
508,493,46,94,77,309
504,492,39,95,79,326
505,489,36,92,80,343
502,492,61,110,79,335
507,497,49,98,75,343
505,498,44,100,71,306
500,497,58,111,76,283
503,501,50,93,77,336
506,500,46,97,84,313
503,501,39,95,83,379
503,500,45,94,74,396
507,499,46,117,81,348
507,498,36,105,71,354
504,500,39,105,70,346
509,500,33,103,63,343
508,504,43,93,64,327
510,506,46,112,60,289
510,502,45,103,56,280
506,498,41,89,52,250
505,505,32,84,50,275
509,505,25,89,48,260
504,507,30,92,49,243
502,501,49,86,49,298
507,500,40,104,52,294
507,504,40,93,50,325
509,509,40,96,52,380
503,510,40,80,54,353
509,511,61,91,63,373
507,513,48,85,60,379
513,506,51,93,56,335
508,502,63,102,52,319
510,505,55,99,45,388
511,509,86,90,43,420
512,511,79,86,39,427
508,509,73,76,36,426
510,504,67,84,41,469
506,499,58,95,41,465
509,499,55,83,40,428
508,501,46,86,42,440
509,498,40,80,40,414
508,494,34,77,42,404
507,496,30,75,41,378
509,494,27,73,38,401
507,501,28,106,38,376
507,500,29,91,35,365
507,502,49,84,36,429
507,499,41,99,46,380
503,496,42,93,43,378
504,498,39,111,41,479
504,493,32,106,32,423
506,492,61,91,30,393
507,493,59,96,29,434
503,496,51,87,29,462
512,492,42,99,31,411
506,494,40,97,31,451
507,496,40,98,36,436
509,495,31,100,34,406
508,498,35,95,32,402
508,489,38,90,37,359
507,490,45,101,35,326
510,492,43,105,40,353
504,501,42,109,45,373
504,497,34,97,46,354
505,488,32,112,50,321
498,494,28,103,41,320
503,493,36,89,41,323
498,508,67,95,44,403
503,506,60,107,45,396
502,501,56,98,53,420
499,495,47,92,49,421
500,502,56,91,47,425
504,504,58,82,47,434
502,502,46,89,48,457
507,497,65,75,48,449
499,498,57,93,48,433
508,499,73,96,46,424
503,507,71,113,46,372
510,504,55,107,47,344
498,500,58,103,58,322
503,492,49,110,53,447
505,491,36,94,50,360
504,500,49,96,53,409
508,497,46,88,63,363
507,499,45,79,55,329
507,488,47,101,56,318
501,491,43,115,54,295
508,490,35,100,51,361
508,484,47,98,50,304
502,484,53,91,55,341
501,486,40,88,59,303
508,485,40,97,61,285
503,478,54,93,54,279
504,481,56,93,49,292
509,485,53,95,57,353
506,495,71,83,54,388
510,481,80,74,51,304
507,478,66,68,57,363
505,486,55,76,55,319
511,495,63,86,64,326
506,492,69,78,65,296
504,482,76,86,65,281
504,479,79,95,64,237
498,484,62,85,58,225
501,489,62,99,58,268
502,483,58,96,53,270
496,482,50,89,43,297
497,479,61,95,53,290
500,487,54,97,56,319
503,491,53,100,54,375
500,491,45,94,51,344
502,479,78,97,51,329
496,482,66,110,52,290
499,490,68,98,52,281
499,495,65,105,54,291
502,484,52,100,48,284
499,481,54,101,49,299
495,490,51,96,49,452
502,490,49,97,53,430
501,491,44,104,57,393
506,487,43,99,64,380
506,489,38,101,55,426
506,488,48,112,72,346
505,486,49,100,71,309
508,484,53,86,87,339
505,490,67,95,86,315
510,492,65,88,98,281
506,488,60,95,104,242
506,488,64,84,113,258
504,489,51,89,129,228
506,487,74,100,123,241
503,490,63,94,129,307
502,490,52,103,131,309
503,489,60,105,134,297
502,486,51,92,143,304
502,489,51,98,144,265
502,488,44,89,145,276
502,488,37,94,151,359
503,484,57,100,161,378
499,485,62,116,159,373
501,483,64,119,166,343
501,481,70,122,177,311
499,484,73,112,176,304
500,484,64,105,183,305
499,482,75,114,187,322
501,478,89,103,184,314
499,484,74,111,181,297
501,482,74,109,181,298
503,480,60,110,180,257
501,479,44,113,173,305
500,488,78,111,181,285
505,485,78,108,175,281
501,487,56,107,169,310
502,486,51,104,175,293
500,487,55,97,175,303
503,485,52,100,175,298
503,488,43,107,171,317
503,488,38,97,180,333
502,486,39,102,167,311
500,489,41,102,170,327
502,488,62,95,163,320
499,485,58,97,162,270
497,488,54,91,163,297
500,493,68,98,163,307
503,488,64,90,165,257
501,485,70,86,157,275
497,488,66,93,160,315
502,487,53,77,157,331
500,490,41,82,139,286
500,487,52,90,144,318
503,485,48,91,127,343
503,483,42,82,135,291
502,485,46,84,130,262
504,485,46,84,124,250
505,485,38,85,125,240
503,483,63,91,129,285
502,487,53,82,144,257
503,482,50,77,146,246
499,486,57,78,149,319
494,489,55,79,141,295
499,493,62,77,157,263
497,495,58,76,144,276
498,491,71,76,143,335
498,487,75,77,149,341
495,487,63,80,142,323
498,487,61,80,150,406
497,486,55,76,153,373
501,487,61,80,155,344
502,490,73,90,151,306
507,485,86,80,157,309
502,486,75,79,157,335
504,482,67,92,145,282
502,485,59,98,157,288
503,484,55,97,148,263
504,481,68,109,142,243
502,481,60,97,138,279
501,481,55,99,130,282
502,483,55,117,125,323
502,480,53,112,127,326
500,481,51,120,122,307
498,485,40,136,132,294
503,484,41,123,125,281
500,486,42,123,133,256
502,486,39,117,127,257
503,485,48,130,135,240
502,486,48,127,133,209
503,489,40,112,140,286
502,491,35,97,129,233
497,490,27,88,150,245
500,486,28,88,131,214
498,489,44,75,141,220
498,491,55,76,138,260
498,490,70,84,136,307
501,483,62,88,135,283
499,484,47,74,128,283
502,486,56,81,128,316
506,486,61,86,124,341
508,484,65,97,123,304
506,483,74,89,120,262
514,484,75,91,115,269
512,487,71,94,113,253
515,485,63,96,104,287
514,487,100,95,108,271
515,483,115,98,108,374
511,486,104,106,111,369
516,482,97,102,103,398
512,480,83,95,103,314
511,481,92,91,96,322
510,482,91,79,95,312
511,485,77,79,90,391
513,482,87,93,83,356
509,482,71,102,85,305
507,482,84,113,72,271
508,482,84,108,71,343
509,481,87,104,64,269
509,478,108,98,68,329
506,483,108,95,56,318
508,482,111,91,59,315
509,481,84,102,55,292
510,478,87,104,50,341
511,480,88,98,49,349
515,482,84,98,49,331
513,482,85,100,51,318
517,479,94,98,48,302
517,477,91,92,47,300
519,478,75,80,44,277
517,482,84,94,51,302
519,480,78,88,55,326
515,480,75,79,45,334
515,477,82,83,51,343
515,479,107,80,48,393
512,483,97,100,46,321
513,483,100,100,45,308
511,482,85,98,44,286
510,482,86,104,46,313
508,485,76,84,49,325
510,486,75,77,47,337
508,484,81,88,53,309
506,483,74,101,51,360
508,482,81,101,49,321
507,485,68,94,42,341
509,483,108,96,42,292
508,481,118,89,41,286
510,479,103,75,51,280
509,483,105,75,52,314
511,486,93,75,54,311
512,479,78,78,57,292
511,481,62,87,59,267
514,482,62,78,55,277
512,487,57,80,63,313
512,486,84,83,56,291
512,483,74,97,61,291
508,484,60,91,62,264
510,484,58,88,64,275
510,483,57,89,64,256
509,486,55,90,57,272
509,484,66,99,63,224
507,483,66,90,59,236
508,483,58,88,59,212
507,484,58,89,64,220
509,484,54,85,63,238
509,484,79,92,61,246
509,483,73,94,58,258
511,485,71,81,53,302
512,485,91,81,51,261
510,485,73,81,46,261
511,483,58,76,42,275
512,484,66,90,50,253
511,486,55,84,49,287
511,485,45,83,52,279
509,486,37,75,49,246
510,487,61,85,42,283
510,485,57,85,44,286
510,487,63,100,39,234
508,487,59,100,41,267
508,487,50,92,36,274
509,486,52,93,34,278
509,486,54,78,30,240
508,487,42,79,27,255
511,487,63,81,30,250
511,489,66,87,32,336
509,488,64,91,32,325
509,489,59,87,31,329
509,488,50,93,32,320
509,489,65,105,33,323
509,487,95,101,36,313
510,489,78,122,35,284
510,488,61,105,31,261
509,489,50,106,33,251
510,486,63,110,35,266
508,487,71,107,31,226
508,488,76,112,29,294
508,489,76,103,34,299
510,490,69,107,31,286
508,488,78,121,33,296
509,487,64,109,31,241
508,490,57,105,34,236
509,491,49,106,31,231
509,491,45,91,36,217
510,492,49,82,35,267
509,490,78,86,31,253
510,490,71,89,29,207
510,492,65,80,26,259
509,493,59,77,25,226
510,493,60,80,33,217
507,492,61,82,34,245
510,492,66,108,36,216
509,493,60,95,32,224
508,495,48,106,29,217
509,491,62,107,35,211
509,493,70,97,36,261
511,493,60,103,34,259
509,496,65,101,32,279
512,491,55,86,28,253
509,489,52,94,36,276
509,493,43,94,34,335
510,494,45,85,29,308
506,493,73,112,29,273
509,491,71,94,29,258
509,493,68,98,29,265
508,493,53,95,32,254
507,495,55,96,36,275
510,492,62,89,42,292
508,493,71,90,48,276
509,492,84,109,43,287
508,495,69,106,41,265
507,494,54,99,36,283
508,492,67,91,33,266
508,493,63,86,30,274
509,493,73,76,33,269
509,494,68,76,35,281
512,492,67,78,32,262
508,496,84,73,33,257
508,498,79,74,34,261
509,499,64,69,38,243
510,496,56,76,39,223
510,494,57,65,40,218
508,496,44,63,42,298
509,497,73,67,37,306
508,497,71,63,43,303
507,495,58,65,42,285
507,496,51,75,35,308
509,496,60,89,35,360
510,496,55,100,36,374
509,494,44,93,40,334
508,497,86,80,40,310
511,494,83,104,48,341
509,498,75,114,57,333
508,496,79,121,58,309
508,496,69,100,57,353
508,494,74,108,56,371
509,496,64,93,50,368
507,497,74,108,46,385
509,499,57,100,45,340
509,498,58,101,47,333
509,499,49,100,44,336
508,497,58,98,39,296
508,498,93,104,36,333
508,498,75,109,43,306
508,498,63,89,42,314
509,500,52,91,41,289
508,498,47,89,43,292
508,499,48,87,45,237
510,499,51,77,45,255
510,502,56,89,48,265
510,501,68,98,52,270
510,498,67,97,53,232
510,499,70,119,47,256
506,502,60,99,53,311
509,502,57,95,48,396
509,498,71,115,46,334
507,496,54,105,45,357
506,501,57,108,42,340
508,501,50,95,49,328
508,498,45,111,48,279
509,500,46,105,50,326
506,500,69,102,64,311
508,498,61,95,65,347
508,498,55,96,62,335
508,500,77,99,70,306
510,501,86,108,70,348
508,500,69,112,71,374
507,502,70,100,82,385
512,501,83,105,75,357
508,501,108,107,92,470
510,498,102,117,91,397
506,498,136,114,77,328
508,494,164,106,97,338
508,499,152,119,86,442
508,501,134,115,85,420
511,500,102,130,79,416
512,498,113,107,81,411
516,494,107,115,69,402
515,499,90,111,71,337
517,505,94,101,66,351
521,500,100,96,66,360
521,494,96,106,59,359
517,495,86,107,64,373
520,496,122,101,57,352
518,500,89,111,57,360
518,496,114,113,59,291
516,494,96,113,51,281
514,493,83,116,56,302
512,499,72,128,58,303
514,496,73,124,56,315
510,492,74,109,50,330
508,487,91,117,56,344
507,490,74,106,60,315
505,491,63,109,60,322
506,488,71,101,58,320
505,485,69,102,49,299
503,485,83,98,51,280
502,487,86,96,48,272
507,489,175,82,48,329
503,491,155,98,55,362
505,485,146,96,46,386
508,482,120,95,41,361
508,481,98,92,41,393
504,481,88,115,64,341
509,481,81,111,56,334
509,476,87,102,49,349
507,479,75,118,49,355
508,484,68,104,49,337
510,488,72,87,43,321
508,482,78,94,50,318
506,479,69,93,52,286
507,480,70,92,62,361
506,483,52,93,62,365
507,479,79,103,60,300
504,470,69,102,61,286
501,474,74,94,67,337
505,484,110,111,66,340
508,484,113,107,72,305
506,476,92,107,69,275
505,477,77,101,67,287
504,485,67,103,71,253
503,487,74,103,70,303
501,481,63,108,74,329
498,475,55,100,74,313
497,485,65,93,72,337
497,487,68,101,81,342
502,484,67,98,75,337
497,481,78,112,86,322
498,484,61,102,85,333
503,492,81,95,80,343
500,496,79,99,77,356
502,490,91,99,68,305
499,491,74,98,83,328
500,493,72,109,73,337
501,495,75,106,73,313
497,492,66,122,78,343
495,489,71,123,74,296
498,494,56,112,72,345
499,495,59,123,72,303
496,494,48,127,67,325
495,493,68,109,81,323
496,493,66,105,74,323
498,489,66,92,76,341
499,487,58,97,75,339
494,488,88,126,84,338
497,484,68,121,90,333
500,481,112,112,83,292
495,484,101,115,96,259
497,487,81,123,96,272
498,486,97,117,96,296
498,483,105,107,89,316
498,482,82,106,82,345
498,487,66,111,80,334
501,486,56,105,78,361
499,483,71,107,87,324
496,480,84,99,77,314
501,482,86,95,93,279
498,487,75,119,83,309
500,484,63,109,89,270
500,485,54,100,84,355
501,484,76,107,81,330
502,487,75,89,100,282
503,487,82,108,94,308
497,485,70,97,99,299
498,483,61,95,100,292
497,480,54,97,97,279
496,481,48,100,99,340
499,481,44,84,90,310
499,480,83,85,91,300
500,485,87,101,91,304
495,493,82,92,81,292
503,492,71,98,93,279
504,491,70,100,88,270
498,488,93,96,90,310
500,490,81,100,87,320
498,497,65,100,86,393
496,491,53,98,83,348
496,486,47,90,78,327
496,488,53,81,82,386
493,488,51,91,86,346
495,488,74,97,75,361
494,487,67,100,69,346
494,487,60,103,74,337
493,487,57,103,71,349
498,489,55,90,76,348
494,487,48,100,75,368
497,492,46,94,82,325
494,488,58,88,72,325
496,490,58,103,90,305
496,490,55,102,79,295
497,486,116,110,72,289
496,489,111,91,84,272
498,489,101,93,81,282
496,490,82,97,75,270
497,486,87,93,73,244
498,482,119,109,79,253
493,490,115,97,64,235
498,491,106,97,70,220
499,490,89,92,61,220
498,487,116,102,57,257
499,489,95,96,55,238
500,485,94,82,58,261
503,489,86,72,54,258
504,487,70,83,62,273
503,488,67,86,58,255
501,490,67,76,58,268
503,488,78,79,60,304
502,484,98,72,52,307
500,486,83,74,60,266
500,487,71,89,51,346
500,490,63,82,44,299
497,488,71,94,50,325
498,486,56,99,51,298
494,485,58,98,50,289
498,487,60,92,54,288
496,487,54,95,56,295
495,487,54,91,49,321
496,490,57,79,55,299
500,488,63,85,50,321
498,492,68,86,50,304
501,492,70,75,47,290
503,492,60,81,49,265
500,492,65,104,50,274
502,493,69,108,51,284
501,493,81,100,58,287
500,490,80,96,51,312
500,491,63,110,65,319
500,491,70,97,63,305
501,491,63,89,55,329
499,494,67,97,62,304
502,492,60,93,59,324
498,496,63,100,62,323
499,493,87,90,59,303
500,494,72,84,61,291
499,493,60,99,57,265
500,496,111,113,58,278
500,500,91,119,53,249
501,499,76,123,51,255
500,497,75,105,45,233
500,496,67,113,50,245
502,501,66,128,47,285
500,499,70,116,41,262
503,493,64,112,43,249
502,498,70,129,54,240
502,499,78,113,49,237
500,500,79,114,48,231
502,495,62,117,43,263
501,498,44,96,46,246
506,498,38,92,42,273
505,501,35,92,40,288
506,495,47,99,47,241
500,496,46,86,47,243
503,503,38,89,45,264
503,497,37,78,37,265
497,496,37,73,32,277
498,493,42,90,36,241
497,495,82,76,36,283
494,496,89,81,37,287
496,497,105,87,46,290
495,494,103,84,45,271
492,496,76,85,47,293
496,500,67,74,51,303
497,501,63,99,47,339
497,498,49,101,51,337
500,491,59,87,45,292
499,492,49,81,48,292
503,492,46,100,51,294
504,493,74,98,51,296
506,493,66,101,48,303
507,493,56,118,49,305
511,496,63,107,50,289
512,495,91,109,50,245
513,496,84,117,58,244
508,499,62,114,54,212
510,496,58,112,54,285
501,495,54,114,52,254
503,497,41,103,52,286
499,496,38,100,54,295
497,491,42,107,51,337
503,492,44,106,51,318
499,496,39,95,53,305
510,496,41,96,50,351
504,502,54,79,51,361
506,501,52,103,47,302
506,499,48,102,42,294
503,500,54,102,50,255
507,497,51,105,56,271
504,497,58,93,55,246
505,498,71,85,58,273
505,496,119,90,56,279
504,496,94,99,51,272
506,498,87,105,52,258
508,496,93,122,55,222
506,499,118,139,54,295
505,500,94,114,57,368
510,500,81,117,57,328
506,498,80,102,55,336
505,497,70,128,62,305
504,498,67,125,60,328
499,499,65,123,70,286
499,497,67,129,70,250
501,495,60,123,77,241
497,496,47,110,75,230
501,495,62,116,81,259
497,501,61,127,82,282
503,495,65,109,89,263
500,497,89,94,93,246
505,498,98,86,87,231
503,504,82,82,92,267
507,500,107,90,81,238
507,500,83,78,84,236
504,501,72,87,86,246
507,500,74,90,84,313
506,501,77,93,88,279
508,500,91,119,77,301
505,501,80,105,83,356
507,504,78,88,75,371
507,503,63,82,79,301
508,503,64,82,86,355
505,502,72,85,87,310
504,502,58,100,83,293
505,501,67,101,81,328
500,498,65,101,74,321
498,497,55,99,76,294
501,496,58,93,77,321
496,501,75,112,71,314
500,500,73,110,80,305
497,503,90,125,79,273
501,501,81,125,69,287
501,500,75,109,68,294
503,501,72,118,68,266
501,504,68,121,73,305
504,502,66,118,78,280
503,505,57,132,75,297
503,504,60,137,71,286
505,504,45,129,62,347
505,503,54,151,61,317
502,504,59,136,62,309
504,506,52,120,55,340
504,504,75,121,56,350
500,502,85,126,61,289
501,500,66,122,61,268
501,503,68,128,62,247
501,504,51,122,56,260
505,498,54,120,65,253
499,500,42,102,58,265
502,503,39,106,57,308
508,505,31,104,61,307
508,503,39,88,53,310
507,504,77,85,49,270
503,506,75,95,51,284
508,507,61,85,55,277
507,505,73,91,57,261
504,500,93,113,55,319
499,503,83,126,54,286
501,504,80,115,55,288
503,503,90,102,55,274
499,502,86,88,58,321
502,500,76,83,56,305
506,499,86,76,61,295
504,500,95,73,67,295
506,497,71,67,60,305
508,496,60,72,63,323
511,500,46,91,60,303
512,498,55,86,68,271
510,498,62,84,62,248
509,499,64,93,56,268
512,500,61,94,61,288
509,500,79,86,53,275
510,501,88,73,46,326
510,503,71,69,47,310
510,504,61,70,44,282
510,501,56,83,48,252
505,499,51,76,47,264
505,502,59,90,50,243
505,506,68,92,46,250
506,503,65,84,47,272
506,502,59,85,42,222
505,501,66,80,44,305
509,503,80,87,45,301
506,506,61,85,41,260
508,502,68,85,45,285
508,497,67,84,42,290
509,499,64,74,39,272
509,505,61,76,43,281
513,504,59,83,43,257
511,502,59,79,43,315
510,502,58,90,41,285
510,504,49,89,47,255
513,505,57,95,48,272
508,504,52,88,51,294
506,499,79,94,50,310
504,503,93,87,50,341
508,497,75,80,54,410
504,498,66,80,55,433
509,493,72,87,53,487
508,496,64,88,51,424
507,498,83,93,54,390
509,503,69,105,58,426
509,499,64,101,52,401
508,493,73,89,55,396
506,498,64,89,53,367
506,501,63,87,60,386
510,500,70,83,55,413
509,498,57,106,52,349
504,495,67,112,54,306
506,498,73,112,48,348
509,497,109,127,52,315
508,493,95,117,58,311
509,491,81,98,48,311
507,496,73,99,46,371
507,497,67,106,47,350
510,488,57,111,52,296
509,489,61,105,44,326
509,496,59,103,50,308
511,498,59,100,48,331
510,496,60,96,42,358
507,491,74,103,44,315
508,491,80,99,44,293
511,495,75,96,50,366
511,495,55,109,45,312
506,492,73,124,54,370
506,490,73,114,54,317
505,496,71,103,57,326
507,492,63,123,66,302
509,491,57,126,62,320
504,493,49,135,57,322
505,497,50,118,59,307
510,493,61,116,61,295
505,495,53,97,53,305
507,492,56,103,54,304
508,495,64,89,50,300
510,496,55,111,55,324
507,496,70,107,53,384
508,494,75,103,52,303
509,498,75,108,50,340
511,495,81,97,52,310
509,496,63,95,48,362
509,500,63,98,50,318
509,499,57,89,45,329
507,498,50,99,41,320
507,496,38,91,36,290
508,497,41,92,43,246
510,498,49,90,44,260
510,499,53,79,39,288
508,497,61,78,42,306
510,496,52,82,42,299
510,496,49,84,35,302
510,499,39,80,31,267
509,499,53,79,30,254
511,499,42,84,37,268
509,498,45,73,35,288
511,498,48,73,33,290
510,498,51,91,38,268
511,499,41,93,36,243
510,498,44,97,34,250
509,499,48,92,42,233
511,501,62,90,43,217
511,499,56,87,48,177
512,500,54,90,47,210
512,500,53,105,54,219
513,501,57,98,52,233
509,500,58,123,48,275
513,499,59,113,53,312
511,501,49,100,52,308
511,498,53,92,56,263
509,500,56,100,53,237
510,500,66,113,58,252
513,500,65,107,59,274
509,499,75,114,56,261
512,499,72,108,60,251
510,503,65,102,54,260
512,499,58,88,61,263
510,496,56,83,53,233
510,497,51,85,63,225
511,502,48,75,58,267
512,502,50,77,56,266
508,500,48,99,53,276
510,494,65,91,55,277
510,500,56,84,50,322
511,500,57,79,49,301
508,501,48,81,51,330
512,494,46,91,48,249
509,499,55,85,45,264
512,503,49,84,50,250
510,504,52,79,44,316
508,499,47,97,43,308
509,499,47,98,41,314
508,499,48,94,45,258
511,502,51,89,46,273
510,501,57,83,48,240
511,499,56,91,43,254
508,502,62,93,46,257
511,502,48,86,40,266
507,502,43,78,39,273
512,499,78,80,43,256
510,500,70,72,39,253
510,503,59,72,37,225
512,503,61,81,38,288
510,502,66,90,41,302
510,502,68,92,38,286
511,501,59,89,39,291
511,503,55,81,39,307
508,502,57,79,35,350
510,502,58,85,42,307
509,500,50,82,49,317
508,501,51,83,44,310
510,502,54,80,44,315
511,503,52,82,42,298
510,502,52,88,47,277
512,501,53,95,47,304
511,501,42,84,45,294
512,503,54,80,45,284
511,504,53,84,43,246
511,502,49,74,43,283
512,499,55,82,42,275
508,503,49,97,42,240
508,505,50,96,51,198
511,503,47,89,48,215
508,501,46,99,45,194
510,502,39,88,39,237
509,505,63,87,39,202
511,506,61,99,38,224
512,502,64,110,35,200
509,501,83,145,35,233
512,504,80,122,36,292
512,507,62,112,33,293
513,504,61,113,32,271
511,502,72,117,31,261
511,505,54,136,38,287
512,506,81,128,33,276
509,505,70,133,38,236
509,502,58,128,38,240
508,500,72,117,38,268
509,504,68,100,39,294
508,503,52,102,39,270
510,501,68,111,49,327
509,501,65,94,45,322
510,501,64,110,41,322
510,505,71,104,43,302
512,502,75,111,50,335
511,502,72,116,50,322
509,504,63,107,48,307
510,505,61,121,51,302
512,507,55,111,56,296
509,505,80,120,55,268
505,500,59,110,54,254
509,503,61,100,61,306
510,503,57,102,59,271
509,503,56,117,52,312
511,499,76,99,55,317
509,500,65,107,56,295
510,502,56,119,48,283
514,501,44,120,49,295
512,498,33,108,50,282
510,499,41,106,58,266
514,498,49,99,52,279
514,500,50,118,51,279
512,498,49,112,64,265
512,496,38,100,62,312
510,496,34,116,61,314
508,500,46,108,56,342
509,499,68,126,56,324
507,495,65,115,58,345
507,494,54,104,53,332
507,496,62,115,58,381
510,497,67,109,55,361
507,495,63,101,55,371
506,493,77,102,65,349
509,496,75,97,60,328
509,499,66,104,64,354
511,501,76,130,62,345
510,497,59,118,69,359
508,495,72,119,68,331
510,493,82,106,63,301
506,505,67,105,68,301
512,501,63,103,67,321
510,497,65,102,63,311
509,495,65,100,65,343
509,504,56,99,59,338
513,500,51,115,63,357
510,497,41,107,54,328
509,495,62,111,58,342
510,498,80,116,56,315
508,501,85,128,55,354
510,498,93,131,62,297
506,497,90,111,69,297
511,495,85,111,70,289
506,500,85,102,78,320
510,500,76,97,78,330
510,499,70,109,84,327
508,498,73,108,82,319
509,498,64,89,89,298
510,502,59,90,89,330
512,502,66,88,84,300
509,500,61,95,88,337
509,498,74,92,83,297
510,498,62,92,79,342
509,504,58,108,77,336
510,501,58,119,77,339
509,498,74,113,73,415
509,499,80,123,71,406
511,502,76,105,70,371
509,503,61,108,68,328
511,498,53,106,78,345
506,500,45,94,69,329
510,501,51,91,72,303
508,504,77,81,70,326
510,500,85,98,63,289
510,499,83,101,71,298
510,499,74,102,74,304
512,504,75,97,65,352
510,504,73,92,68,309
511,500,66,85,69,309
510,499,74,82,58,277
511,505,57,91,61,343
512,505,52,95,51,395
511,502,54,89,58,358
510,500,69,91,66,321
510,503,69,96,65,310
509,506,62,100,63,373
510,504,48,101,52,405
509,499,49,96,49,390
508,500,62,103,48,320
510,505,57,109,49,323
513,504,61,103,59,322
511,500,62,101,59,309
506,500,60,90,61,308
512,503,51,85,62,302
513,507,91,91,58,341
510,507,93,87,57,319
511,502,80,91,57,305
509,503,68,99,56,303
510,508,84,104,50,329
512,507,72,87,62,332
509,500,86,106,58,284
508,502,76,113,53,322
513,503,96,110,56,298
510,505,91,96,51,245
509,504,94,86,44,250
510,502,113,91,42,219
509,503,106,102,41,303
512,505,109,110,60,337
512,504,81,117,63,261
512,501,95,107,66,234
512,502,70,109,63,260
514,505,57,105,66,279
511,506,56,100,74,255
513,503,64,111,72,245
511,503,59,114,61,250
513,506,62,99,65,271
512,506,47,99,64,288
512,505,66,100,68,270
511,503,79,114,66,208
511,504,71,122,75,233
512,508,91,115,72,216
512,507,78,128,69,232
513,506,95,131,77,209
512,505,122,119,75,219
512,505,114,130,78,259
512,506,82,127,72,317
511,505,67,115,74,279
512,501,66,108,69,273
508,502,85,117,74,340
511,503,89,104,68,338
511,503,85,93,75,361
509,503,72,83,70,369
512,504,79,106,66,366
512,506,69,107,75,337
514,506,73,105,71,326
511,508,57,100,70,355
513,504,77,95,74,278
511,507,69,96,69,270
513,509,56,95,65,259
512,506,58,87,66,265
512,506,60,103,57,335
513,505,88,117,56,299
513,507,81,99,62,280
512,509,71,101,52,247
513,504,58,118,59,250
513,503,67,106,55,275
511,505,70,106,55,291
512,509,62,96,53,288
511,508,62,87,54,311
511,500,50,95,56,264
508,504,55,100,53,238
510,507,88,107,54,242
514,506,93,95,64,232
511,503,72,93,59,195
511,505,81,103,70,220
512,505,69,95,64,242
512,505,76,98,68,292
512,505,86,98,71,260
512,507,78,97,62,325
513,508,76,85,62,293
513,506,64,95,53,277
513,505,58,99,54,259
511,507,61,95,61,291
512,508,54,95,56,325
514,509,68,91,62,367
513,507,63,99,58,319
510,508,53,97,51,287
513,507,64,96,47,266
512,509,101,102,41,333
513,508,80,87,40,312
514,503,77,100,39,310
510,508,73,89,40,378
515,507,74,77,42,365
513,507,79,80,36,348
515,504,68,80,39,337
512,507,62,82,36,326
513,509,84,86,39,338
513,505,69,74,38,330
509,506,79,86,41,317
511,507,81,79,43,322
515,510,71,84,51,365
513,509,87,106,47,384
510,506,112,106,55,359
512,504,96,104,60,309
509,510,117,119,60,327
512,509,137,121,65,327
513,505,134,106,73,318
511,507,128,103,74,351
513,506,149,90,77,310
512,509,126,89,81,360
512,508,161,85,83,395
512,505,172,83,88,394
513,504,157,87,94,354
512,508,171,94,91,343
513,510,178,85,100,332
514,507,165,91,96,409
511,506,189,88,96,400
512,506,181,107,103,369
514,511,186,106,91,405
513,509,186,94,100,402
512,507,189,115,95,363
511,508,202,116,98,384
512,509,188,108,99,387
511,509,203,107,98,423
513,506,189,103,102,445
512,508,206,88,108,434
513,511,185,85,112,418
513,509,188,92,113,381
512,506,180,90,116,396
511,508,166,101,119,450
515,509,175,92,120,413
511,508,167,102,124,391
512,506,183,91,129,410
512,511,179,101,127,385
514,511,164,92,125,379
512,512,151,89,127,388
513,506,151,101,118,390
509,509,145,94,120,421
513,511,131,99,129,397
515,508,135,103,124,436
512,509,126,111,117,410
514,507,135,97,115,428
512,512,109,112,115,461
514,509,105,105,108,413
512,508,115,109,107,385
514,507,102,91,109,387
514,510,129,97,102,365
510,510,95,112,104,373
514,508,96,106,99,364
513,507,99,105,97,395
513,512,75,95,99,418
514,510,78,92,98,412
514,509,81,120,96,389
512,510,80,122,97,411
514,509,74,125,99,390
512,510,68,123,97,351
512,511,71,109,88,350
512,511,57,102,89,320
515,507,75,116,83,340
510,513,69,113,82,314
512,511,73,104,82,349
512,509,65,123,87,316
511,509,59,116,82,374
512,509,52,124,74,357
513,511,63,117,69,345
512,510,54,102,63,356
514,505,70,86,55,304
512,508,61,95,65,295
512,511,49,94,55,313
515,511,63,94,62,280
513,509,68,93,56,283
511,508,56,97,53,273
513,512,55,84,65,251
514,512,55,94,59,267
513,511,44,91,69,302
513,508,57,93,64,293
513,507,62,96,63,313
513,508,49,93,62,336
514,510,42,92,57,293
512,507,34,88,65,300
509,510,48,91,66,276
511,509,45,99,52,247
513,507,48,101,62,251
512,508,61,109,59,359
510,509,57,107,55,304
511,512,47,105,64,289
512,511,70,95,55,315
510,512,64,102,78,302
514,509,64,114,68,303
509,512,69,106,61,316
512,510,69,95,65,337
511,512,62,99,55,350
511,506,51,103,55,353
510,508,60,102,53,359
510,507,58,102,52,317
514,506,57,105,51,329
507,506,53,109,50,274
512,503,63,102,50,319
515,506,81,90,56,274
510,505,70,102,47,317
513,499,58,110,41,273
511,499,101,98,36,322
509,502,112,96,50,331
516,499,113,100,51,281
511,499,123,93,49,322
515,495,236,106,50,310
511,503,178,118,55,280
517,505,160,114,55,276
516,504,140,105,48,253
523,499,134,112,48,246
520,500,118,108,50,337
523,503,110,106,43,349
523,504,102,116,42,397
522,498,124,126,55,400
525,493,146,123,57,497
519,502,131,126,59,461
523,502,140,117,60,451
519,500,145,114,55,391
516,496,131,121,59,368
513,503,151,105,63,398
514,497,127,110,51,372
511,503,120,119,51,352
511,499,133,116,43,405
508,494,117,115,43,397
513,491,138,139,42,373
510,497,132,129,45,410
509,498,143,141,50,365
518,484,155,128,43,321
508,491,132,120,46,354
519,493,106,107,46,310
516,495,114,102,38,332
517,487,151,109,40,285
514,489,143,94,40,325
515,495,125,93,40,377
517,497,108,92,37,436
516,488,104,91,35,378
514,484,113,87,39,379
513,493,115,80,43,365
514,496,107,79,44,308
512,490,146,90,47,323
510,486,128,86,43,322
512,491,102,80,41,298
509,501,115,75,43,349
513,493,92,88,42,285
511,487,79,90,42,310
512,491,99,90,38,319
515,502,80,78,37,418
517,499,87,80,34,457
517,492,85,84,36,391
513,492,81,88,32,306
516,493,93,100,33,374
516,502,81,97,31,438
518,495,108,98,33,423
515,492,103,102,33,346
513,496,93,103,33,330
518,503,129,97,44,306
513,499,102,115,48,288
517,489,111,104,45,268
509,501,103,98,39,310
516,499,81,125,38,296
510,498,98,133,34,320
508,497,81,113,33,309
507,499,82,100,32,330
508,498,62,98,33,297
509,491,76,99,37,270
506,496,70,97,41,282
508,493,67,107,37,298
511,495,77,93,38,289
510,495,92,93,34,339
512,496,94,97,30,329
512,497,93,106,34,330
512,502,114,114,35,389
514,503,110,110,31,371
515,498,105,100,33,312
515,496,86,96,29,295
515,499,80,84,33,252
515,502,80,92,35,265
515,505,95,88,37,256
515,499,98,86,35,255
512,500,107,78,39,253
514,498,103,82,35,311
512,501,102,92,37,351
512,499,108,91,38,326
514,495,97,91,37,276
509,499,105,84,50,282
514,498,102,90,45,317
510,500,94,99,42,311
512,500,87,103,46,335
512,501,75,101,41,374
514,497,62,97,41,292
512,501,71,101,39,269
513,503,73,105,39,292
514,503,96,97,36,252
513,502,97,100,35,269
512,501,97,91,35,281
514,500,86,99,46,286
512,505,79,92,45,320
514,505,62,85,37,249
513,502,80,89,42,268
512,503,106,100,43,248
513,504,107,112,41,233
513,506,94,101,44,273
513,505,102,96,44,258
515,504,95,105,42,265
512,504,75,105,43,225
515,504,75,104,45,223
514,505,61,103,50,289
513,506,53,105,47,284
513,505,64,94,47,265
514,504,67,97,56,272
513,508,70,86,54,305
514,506,105,92,50,304
514,502,87,106,55,286
513,504,74,98,51,230
514,506,70,98,44,290
515,507,81,110,54,255
513,506,66,96,50,316
513,502,76,89,45,295
514,503,84,84,57,314
515,509,77,75,75,304
515,509,86,90,68,279
515,504,93,116,61,249
512,504,95,125,63,312
514,510,73,118,54,361
518,508,88,106,53,339
515,506,106,109,56,275
512,507,96,108,57,370
515,510,98,99,58,328
512,510,89,99,61,345
513,507,88,88,62,355
512,505,109,111,56,335
514,506,96,101,60,376
513,511,89,93,61,312
513,510,74,90,63,390
513,506,71,90,57,330
513,504,87,102,60,326
513,510,89,120,56,345
516,509,88,103,66,308
513,508,70,102,68,277
515,505,56,107,77,302
513,510,67,95,70,273
513,510,63,98,75,238
514,506,65,87,69,236
512,507,59,101,73,210
512,509,76,100,72,241
514,511,73,97,74,231
513,511,82,119,71,230
512,507,71,98,73,244
513,507,59,113,67,283
512,510,53,113,66,252
514,513,70,119,65,317
516,509,73,128,66,286
513,506,71,121,66,255
512,512,79,138,65,294
516,511,97,123,63,272
515,511,110,115,59,341
512,509,85,104,75,278
509,509,67,94,66,253
516,506,55,102,74,230
516,505,45,104,64,236
515,504,61,96,66,266
516,510,58,101,74,292
516,507,57,105,72,299
512,510,67,109,74,326
516,506,51,119,75,311
514,511,71,127,74,302
515,511,65,123,79,267
515,509,57,113,71,260
514,510,61,121,64,225
515,510,52,129,64,291
514,510,58,126,65,270
512,512,69,124,64,338
516,510,63,124,70,332
513,509,62,136,66,357
512,510,67,133,63,414
512,513,73,127,68,377
515,512,77,125,75,441
513,508,72,128,70,382
517,509,82,117,66,451
514,516,60,124,74,449
515,514,53,121,70,424
515,508,56,126,74,400
514,507,55,114,68,401
513,513,71,104,78,379
515,515,98,112,92,322
514,508,86,111,83,404
511,508,69,111,83,424
517,509,73,122,84,386
515,512,62,127,87,326
516,508,57,119,84,307
512,507,69,126,82,271
514,507,63,126,79,293
513,513,56,107,79,358
516,513,61,107,76,329
517,509,57,116,76,291
514,509,50,105,81,307
518,514,59,114,75,350
516,514,60,110,75,293
514,511,55,106,71,285
515,508,66,105,79,293
514,512,78,113,84,304
515,514,62,128,88,299
511,513,65,131,88,279
512,510,65,106,82,269
512,510,60,136,75,260
515,512,71,122,85,279
515,514,66,123,77,371
512,513,60,114,78,354
514,512,59,115,86,361
516,511,84,104,78,389
513,513,86,113,85,332
516,511,72,114,81,424
516,513,56,113,82,493
515,513,60,103,79,410
516,513,52,101,87,418
514,511,53,110,86,393
514,511,94,104,82,365
515,511,78,91,83,355
516,506,94,122,95,435
513,507,114,117,87,427
516,509,110,133,90,419
515,511,103,128,75,421
515,508,83,157,72,358
516,504,122,160,64,363
515,514,127,137,59,315
516,517,113,111,58,379
517,511,115,109,52,291
513,502,89,107,53,283
513,507,66,128,56,293
515,515,56,119,51,380
517,513,48,114,61,333
516,506,47,96,54,321
513,502,43,94,48,274
512,508,53,111,43,326
514,516,48,99,47,297
513,513,47,93,41,300
515,504,42,99,44,277
515,507,40,109,43,373
516,516,56,93,42,382
518,513,45,99,47,319
514,510,45,93,39,312
515,504,58,96,43,345
514,513,63,101,46,358
521,513,60,116,51,408
516,514,50,123,51,339
516,505,50,128,65,352
514,512,55,114,66,363
517,516,60,92,59,346
518,510,75,99,60,306
516,508,91,88,69,341
512,510,98,92,76,330
515,512,87,82,78,352
515,512,81,87,78,355
513,511,74,97,80,356
513,511,63,94,73,331
516,511,71,89,73,301
517,511,73,85,75,328
513,512,69,80,80,307
517,510,61,95,80,275
515,511,49,88,72,295
514,516,55,87,70,278
518,517,57,115,73,242
514,514,74,116,70,197
515,509,79,118,70,234
514,515,66,121,75,239
513,517,52,112,69,324
516,512,76,127,68,277
513,511,67,118,66,311
514,510,69,118,76,325
515,516,77,119,74,282
518,514,59,111,65,336
515,510,56,108,68,271
514,508,90,110,68,259
517,511,91,99,63,297
515,513,92,91,63,255
519,509,93,109,73,252
515,513,104,101,63,258
518,509,85,96,58,298
520,509,70,101,65,377
517,511,80,97,58,365
519,509,80,112,58,377
518,510,65,109,58,361
518,514,68,98,58,345
518,511,75,99,49,343
515,511,73,104,49,356
517,510,79,116,53,287
518,510,65,110,53,320
515,512,80,100,52,300
516,510,97,89,56,300
515,510,74,78,53,264
514,512,66,76,61,349
517,510,69,78,59,286
514,515,70,78,60,323
518,510,65,76,60,262
516,511,63,78,58,364
518,514,64,78,57,392
517,516,70,97,63,374
520,510,82,110,65,293
518,510,63,118,69,346
516,512,48,112,74,413
518,514,52,103,70,372
516,510,75,94,73,316
516,510,78,97,74,276
515,510,79,96,73,268
516,514,70,114,71,364
518,515,58,127,64,332
517,512,51,119,67,285
517,512,51,104,64,330
518,516,50,111,64,328
520,515,59,107,67,358
519,515,77,97,66,378
518,512,61,93,74,341
516,513,68,82,64,320
517,513,71,87,59,329
517,515,67,92,63,295
517,514,62,91,65,288
516,512,66,85,70,285
517,512,71,95,62,296
515,515,69,83,65,274
517,514,79,76,59,245
517,516,68,95,59,221
520,513,80,103,55,251
518,515,93,101,57,245
516,516,73,114,64,224
517,515,72,121,69,247
515,514,89,128,62,279
519,516,81,147,64,286
517,518,84,137,79,304
517,515,91,135,67,257
514,515,92,122,63,256
517,512,73,116,72,278
516,514,72,118,75,259
516,516,69,115,71,274
518,516,83,100,59,388
516,513,65,103,62,365
518,511,67,104,63,357
516,513,61,99,63,350
515,513,56,114,61,356
517,508,63,122,61,368
514,514,70,115,60,329
514,513,81,110,61,309
516,510,66,93,58,333
514,513,71,84,63,319
515,511,93,88,60,326
518,514,82,103,64,378
518,514,75,93,71,369
515,510,82,97,74,361
516,508,95,113,82,400
512,512,104,123,81,403
515,514,81,110,63,376
515,510,68,135,64,346
514,509,57,140,63,326
514,511,64,143,69,370
515,514,54,130,66,341
515,511,61,119,60,336
514,507,80,111,67,311
512,509,114,102,69,263
515,514,123,117,64,252
515,513,97,103,75,278
515,509,82,98,68,273
514,511,66,102,76,287
514,514,65,102,72,284
514,514,55,121,83,247
513,513,45,143,77,245
514,508,48,138,71,238
514,511,51,134,75,253
512,513,49,148,68,267
513,510,82,141,68,281
510,512,69,137,71,281
513,513,71,143,58,255
515,513,76,133,70,281
517,510,69,136,63,292
513,514,56,133,70,284
514,512,62,125,65,338
512,514,67,126,70,301
514,512,60,123,71,320
514,512,80,138,73,320
513,512,76,121,71,315
513,513,64,124,67,323
513,513,55,116,83,350
516,512,62,118,76,351
512,515,68,121,69,378
512,519,75,121,77,405
518,514,70,126,75,362
515,509,72,119,73,359
516,513,57,108,77,381
515,516,49,110,71,390
515,516,69,96,70,376
515,509,65,136,66,327
513,513,63,141,62,359
516,515,53,134,59,324
515,514,64,134,67,332
514,513,50,113,65,280
514,514,46,103,63,268
512,520,39,117,67,290
520,516,38,111,76,271
515,514,35,120,83,281
515,514,35,114,84,270
515,513,42,99,77,323
517,516,39,103,85,335
514,511,52,104,80,316
514,511,52,110,75,336
513,513,52,100,71,309
513,514,51,102,69,339
512,515,57,106,65,303
512,510,56,93,68,281
514,511,64,97,72,275
514,512,54,84,71,285
512,516,63,99,67,312
514,514,55,96,71,364
514,515,48,108,68,367
515,515,38,112,65,429
515,515,54,116,70,344
516,514,67,103,68,350
511,518,59,123,69,326
516,516,52,106,76,342
515,516,47,114,76,312
515,514,43,102,74,429
515,516,43,89,69,428
514,516,42,87,66,395
514,513,41,95,67,358
514,515,31,97,67,356
512,518,63,90,71,311
516,513,77,91,70,283
514,513,60,86,62,307
511,518,74,78,59,297
513,518,77,100,66,256
514,513,76,124,62,255
509,512,67,124,62,352
512,515,76,114,57,316
513,514,64,128,48,279
513,515,70,139,52,349
510,517,64,133,56,345
513,514,66,124,50,294
514,516,61,121,42,280
512,517,60,116,39,287
515,517,65,109,41,282
514,517,68,102,48,331
514,518,63,101,43,349
516,514,53,131,48,316
513,516,51,116,51,345
515,517,48,121,49,348
515,516,46,107,57,340
515,513,47,116,53,330
513,516,42,117,67,352
515,515,41,102,59,367
512,515,49,110,64,364
513,511,50,115,68,346
511,516,47,112,61,303
513,516,39,128,62,284
512,516,55,122,68,263
512,512,74,113,67,282
512,515,82,107,69,343
512,517,81,106,70,312
513,518,73,110,62,320
513,516,57,121,63,344
512,516,63,117,68,321
512,517,46,112,67,374
511,519,47,136,75,396
512,514,52,131,69,381
510,516,46,132,67,347
512,519,52,119,73,295
512,518,75,121,62,274
513,515,63,136,61,277
514,515,78,124,60,315
511,519,61,119,48,353
513,519,53,129,59,348
513,517,65,132,48,295
510,515,51,128,48,281
509,517,47,117,51,286
506,517,38,118,56,313
509,515,37,108,55,313
508,518,35,127,51,329
510,518,37,118,54,363
510,518,42,125,56,347
509,518,50,124,55,316
512,518,49,137,61,295
511,520,47,120,59,286
512,518,72,170,55,268
512,516,100,175,62,239
512,519,86,144,59,264
514,520,65,137,53,318
513,518,66,137,60,292
512,516,81,133,54,309
511,517,61,117,54,272
512,518,56,151,56,332
512,515,50,143,57,282
509,515,40,134,55,266
508,516,42,158,63,251
508,519,42,138,65,264
509,518,33,118,63,275
509,516,46,166,78,235
509,518,38,141,77,278
511,520,46,134,70,243
511,519,51,128,71,206
511,516,56,120,67,273
511,519,54,140,60,287
512,519,57,138,49,244
511,517,62,140,52,233
508,518,58,155,57,231
511,518,66,195,74,219
508,522,63,155,61,272
511,516,57,155,62,267
509,516,71,166,64,312
509,518,67,156,57,267
510,518,52,148,50,248
510,516,49,143,53,313
511,517,55,144,44,307
510,519,45,125,42,289
510,516,49,107,44,294
510,518,44,122,53,261
511,517,60,124,55,254
509,517,67,128,54,303
509,520,59,159,63,265
511,517,52,140,56,315
509,519,73,129,57,329
512,518,87,123,70,324
511,517,72,121,62,297
510,519,59,136,58,285
509,520,56,142,60,286
511,520,64,143,69,284
510,514,53,128,73,282
508,520,51,108,62,304
510,520,62,105,64,313
511,517,69,97,67,287
511,515,72,121,60,318
508,515,73,112,51,337
509,515,57,108,47,289
510,515,82,93,46,319
515,515,88,89,46,339
508,515,73,105,47,339
511,516,60,97,45,332
515,514,56,103,40,315
513,512,63,94,40,315
510,510,46,87,38,311
510,516,53,96,42,366
515,510,56,101,36,336
512,509,57,104,42,334
510,511,63,104,50,332
509,514,57,101,59,338
512,514,70,99,58,268
512,509,86,107,61,299
512,507,66,104,55,290
507,515,63,106,49,283
513,515,64,130,50,253
511,513,79,114,55,301
510,507,77,106,52,300
510,515,78,119,49,339
513,519,67,116,49,395
512,512,80,112,58,391
511,508,115,98,53,419
509,517,85,101,47,397
513,519,105,107,51,361
516,515,105,117,57,367
508,514,81,100,47,390
510,513,68,96,46,359
506,512,49,106,49,356
505,507,43,102,47,355
508,509,44,99,52,375
506,515,46,106,60,326
509,511,56,97,60,306
508,511,49,98,54,309
508,511,40,101,56,300
510,512,53,96,50,288
510,512,46,95,50,291
509,513,51,119,53,351
508,511,61,109,53,360
513,512,52,99,48,331
515,511,58,98,45,376
512,515,58,103,45,331
515,513,66,114,43,289
510,515,62,108,42,267
511,510,61,116,40,294
510,517,51,109,37,349
507,523,53,116,43,311
511,508,54,111,39,299
504,507,65,99,40,300
505,509,72,100,38,304
509,509,85,110,35,349
512,506,81,111,32,332
512,503,73,100,34,345
513,505,78,98,33,405
510,515,90,107,34,374
511,512,72,122,47,405
512,502,72,109,49,354
510,505,86,99,49,320
510,509,86,96,42,290
514,510,94,83,40,280
509,502,80,85,40,325
512,506,67,84,37,414
516,511,70,91,41,367
518,507,63,93,60,421
509,512,62,85,55,404
511,511,60,90,50,374
514,508,48,77,48,367
510,511,84,79,53,344
514,511,99,93,47,330
512,512,78,101,64,316
511,508,77,97,57,291
509,507,75,83,52,295
510,507,71,110,51,312
508,514,63,107,47,329
510,511,58,117,44,321
511,504,56,121,42,295
507,511,70,117,45,327
510,512,54,118,46,319
511,509,57,129,48,289
509,504,50,120,52,289
508,506,52,101,57,280
508,509,58,93,53,257
511,511,60,82,58,221
514,511,52,72,50,238
510,509,58,85,48,246
512,507,59,83,45,249
514,513,52,89,40,236
513,509,46,94,45,256
511,510,71,102,36,261
513,509,74,90,35,275
510,514,76,88,36,251
513,515,73,89,40,255
514,508,75,85,50,223
512,505,60,93,47,236
510,515,52,97,40,266
511,516,82,98,44,236
516,505,84,99,39,273
513,504,71,88,36,286
507,508,66,100,33,336
511,512,97,100,33,380
512,512,75,88,30,340
510,506,98,97,30,331
510,507,111,117,37,312
512,509,91,100,38,290
513,511,99,104,42,280
512,506,93,89,42,224
512,509,89,81,41,305
512,514,71,85,41,331
512,514,59,92,38,306
515,511,64,113,48,274
512,510,53,121,49,307
513,515,49,114,57,319
511,516,42,113,53,265
513,511,40,119,54,301
511,506,49,113,54,309
509,512,45,119,56,339
516,516,40,111,59,307
513,512,67,123,61,272
512,504,85,110,66,239
512,507,64,100,65,316
513,515,60,94,61,320
514,510,64,84,57,261
513,501,65,90,51,276
510,510,49,99,53,303
513,511,54,106,52,273
515,512,68,97,58,303
515,506,63,109,52,269
513,505,66,122,54,246
511,511,58,104,50,235
515,512,61,105,53,233
514,509,75,107,62,259
513,506,83,118,60,248
512,510,62,104,55,246
514,514,55,113,47,253
516,512,56,111,57,286
512,510,56,104,70,256
513,508,69,116,80,264
512,512,72,115,89,251
514,516,57,101,75,282
514,512,78,109,69,345
514,508,76,106,69,331
511,511,73,90,67,374
513,517,54,95,78,354
514,512,53,106,70,286
513,504,48,96,61,244
510,507,53,109,65,237
514,515,46,111,64,239
514,517,57,111,62,260
514,513,71,105,59,270
514,511,74,112,59,292
512,514,80,110,65,283
515,513,74,113,54,253
515,512,58,122,53,306
511,508,63,118,53,301
510,512,68,114,45,310
513,514,71,114,44,305
512,510,73,121,47,249
513,512,75,112,41,270
510,513,64,118,47,290
514,512,67,104,48,314
512,512,100,105,44,308
512,513,78,101,47,303
512,515,76,110,53,271
511,515,58,97,50,301
512,510,60,101,45,262
511,511,51,89,38,272
510,512,59,87,38,284
512,515,89,86,36,320
512,513,69,81,34,307
511,512,77,101,49,367
512,513,74,91,44,351
513,515,65,107,47,337
515,511,59,118,56,352
513,510,96,103,55,284
510,510,111,115,65,277
515,514,103,109,63,319
512,516,102,90,63,404
515,516,126,93,68,336
512,512,120,92,77,340
514,513,97,87,76,300
518,516,94,90,68,298
519,516,88,103,59,275
516,515,82,101,50,329
520,512,72,108,65,331
522,515,61,118,55,309
523,514,66,122,55,319
522,519,90,134,64,341
522,516,80,143,57,331
521,513,102,128,54,308
519,512,96,116,58,290
515,519,100,97,53,294
518,516,89,96,56,267
515,514,97,119,52,340
511,516,99,109,53,309
509,517,84,105,50,257
513,515,87,111,46,292
510,518,103,116,42,305
513,514,133,106,40,297
513,517,113,150,43,395
514,518,112,154,58,395
516,519,108,150,60,366
518,517,151,134,50,307
516,516,143,123,53,319
519,511,137,116,47,344
520,515,112,104,42,316
516,516,110,121,42,294
515,512,110,124,44,298
514,512,113,108,41,303
515,512,123,98,40,267
514,520,98,94,42,287
518,520,102,96,41,400
518,514,95,101,40,348
515,516,92,105,40,292
518,512,126,100,34,284
515,520,109,90,49,358
518,517,100,99,49,321
516,516,129,91,41,303
516,512,101,89,38,304
511,517,100,80,36,362
515,524,97,101,46,425
514,519,145,87,43,368
514,513,132,93,34,336
512,517,141,95,39,311
515,520,127,90,46,367
516,519,106,92,41,333
514,517,87,97,36,313
514,514,108,134,49,298
512,521,109,114,48,323
515,521,87,119,49,267
515,515,86,127,54,289
516,514,70,115,47,314
514,519,59,124,41,323
515,520,66,119,43,311
517,513,69,108,42,322
513,519,76,102,49,316
517,520,90,106,47,319
516,519,84,102,47,279
515,516,93,98,44,277
515,520,86,96,46,322
516,523,109,109,47,282
518,516,111,93,50,258
