9,X axis acceleration,Y axis acceleration,Z axis acceleration,Bicep signal,Shoulder signal,Pectoral signal
295,346,394,403,413,97
309,337,393,405,370,102
327,344,400,398,362,101
347,359,403,396,344,121
380,369,422,405,346,162
412,378,432,415,337,182
432,392,445,417,350,242
435,379,445,400,356,261
420,368,442,411,326,210
403,361,448,423,482,278
385,350,436,426,414,248
369,333,417,378,370,295
363,302,394,361,311,328
353,331,419,355,292,299
340,340,415,345,325,275
331,350,412,360,291,262
320,359,411,354,302,205
309,371,413,387,417,156
298,384,414,369,445,132
286,405,409,411,473,138
284,397,411,431,507,134
277,390,409,419,496,121
277,376,405,407,450,105
280,363,403,355,402,86
285,357,403,428,365,74
295,355,406,328,389,75
305,354,405,419,328,73
320,356,409,322,339,89
334,363,415,409,353,107
352,368,422,363,335,126
371,375,429,428,358,173
390,390,440,394,317,207
415,396,459,465,361,219
427,403,468,438,350,193
422,399,469,453,313,233
411,381,462,416,322,265
401,371,455,392,290,239
389,363,448,471,335,224
378,358,441,414,328,287
367,359,434,421,285,252
356,356,423,410,273,242
344,355,417,386,284,197
331,359,414,382,331,161
320,373,414,364,364,126
305,391,416,398,518,94
291,397,413,364,487,81
279,394,413,417,517,78
267,381,410,414,790,76
258,372,408,426,659,80
254,357,408,399,646,88
261,354,407,396,599,93
271,352,407,400,735,95
286,352,407,391,630,117
302,352,409,355,643,146
321,355,406,397,589,189
346,362,409,371,568,222
367,371,418,443,568,244
393,381,433,455,599,291
406,392,449,495,690,260
414,386,464,466,608,296
408,378,470,434,584,270
387,366,462,439,547,250
373,346,446,395,532,248
360,336,435,368,441,221
350,332,427,384,458,177
337,327,415,409,508,177
324,329,413,395,585,137
312,337,415,389,544,104
298,347,420,437,622,81
278,356,427,411,547,71
264,356,433,427,590,79
248,369,437,440,542,83
248,371,441,427,553,86
257,368,444,411,520,87
271,367,441,421,625,80
291,361,435,422,561,81
309,353,432,431,651,100
321,349,420,404,592,163
340,349,414,425,629,157
373,366,418,379,617,153
402,391,426,438,525,206
426,392,444,400,489,250
441,404,464,437,447,264
438,396,471,418,424,258
418,379,463,441,428,232
395,366,443,430,403,249
378,350,432,409,416,241
360,346,416,382,353,275
346,340,409,359,361,264
325,345,398,435,394,221
311,358,401,442,359,190
291,344,405,421,438,151
268,356,413,317,538,119
252,357,419,223,514,98
244,366,428,227,486,71
244,367,428,463,481,56
255,363,430,312,461,55
278,360,433,331,439,59
297,355,431,355,423,63
313,354,427,383,421,79
325,353,422,385,409,95
343,354,421,391,404,174
367,368,422,398,368,197
388,391,435,377,335,262
403,396,448,447,298,313
406,406,459,378,306,291
427,407,482,477,339,302
415,398,468,444,362,241
396,380,453,470,332,287
383,364,437,423,422,313
371,356,428,395,333,247
358,353,418,427,352,210
345,347,412,431,359,165
322,358,410,407,445,128
305,360,408,405,452,97
288,355,416,426,487,98
276,360,422,420,534,104
262,361,427,417,499,92
257,366,433,444,465,84
259,368,432,441,526,82
271,368,436,408,471,84
288,363,435,425,426,72
305,358,433,372,367,82
313,360,428,407,284,73
324,355,428,356,336,87
332,351,421,393,321,115
343,356,419,351,270,159
360,372,428,412,303,210
387,400,440,451,320,226
407,410,446,434,301,259
416,419,454,433,274,258
426,425,463,390,347,276
420,408,456,397,308,360
402,389,442,321,306,397
390,368,427,397,283,335
377,360,418,390,381,305
364,357,409,430,348,277
348,353,404,433,344,232
333,348,403,476,390,210
310,362,408,458,383,196
303,343,413,426,394,203
293,348,420,421,485,206
287,355,428,380,436,211
281,361,434,350,418,200
282,356,440,286,394,193
285,358,443,246,418,183
291,353,441,291,493,181
295,356,440,323,484,166
299,353,441,369,468,163
304,347,437,356,445,145
309,348,427,381,412,145
324,342,425,370,359,164
342,355,425,424,277,163
366,364,426,361,251,177
386,399,430,395,353,220
414,416,441,365,292,256
428,435,451,278,229,229
425,432,452,273,188,243
415,418,445,239,218,251
402,399,428,259,218,199
390,382,419,261,260,165
378,370,411,314,321,154
367,368,408,331,310,143
352,364,407,378,361,135
335,359,413,381,374,143
319,362,426,433,341,147
308,368,434,506,437,133
302,379,451,447,488,126
294,387,458,445,479,121
293,389,463,439,521,103
293,388,461,451,471,91
292,381,453,466,540,84
290,371,448,461,462,72
294,360,439,424,432,60
300,352,434,418,346,54
306,345,423,401,401,88
315,342,415,414,365,161
329,340,409,434,395,273
351,351,415,539,403,249
385,393,433,492,439,262
416,418,451,435,397,266
429,423,466,384,403,243
423,419,468,354,399,209
408,401,454,400,401,218
390,384,438,343,451,201
374,361,422,356,392,194
362,351,411,409,427,181
344,346,404,437,452,136
328,346,400,431,388,104
314,350,405,389,438,94
300,354,415,429,489,87
289,356,425,428,638,88
277,363,433,436,610,76
271,370,440,406,694,74
265,372,445,437,640,76
268,362,444,379,597,75
273,360,446,386,591,60
281,358,438,356,585,70
294,354,432,390,502,59
307,351,428,345,442,81
324,352,417,386,410,136
355,358,419,366,393,118
391,387,423,432,359,154
426,428,438,421,372,182
446,442,450,448,314,215
444,443,463,408,267,238
423,425,465,396,216,253
398,400,447,422,243,195
380,372,427,352,232,226
365,355,417,419,290,199
354,352,408,375,355,152
343,356,404,459,453,113
322,356,397,425,420,108
300,359,405,408,422,129
288,356,421,444,415,116
277,362,427,472,408,120
269,374,439,428,490,96
264,377,450,394,628,90
272,366,449,415,609,85
284,363,453,402,541,73
296,365,446,434,527,78
309,363,444,377,514,65
317,362,437,428,519,75
328,352,431,371,503,97
338,346,423,400,460,110
351,359,422,352,368,118
374,391,429,422,335,200
401,430,441,416,305,198
424,450,455,470,323,161
429,445,459,419,276,161
421,446,457,448,262,133
403,415,440,435,289,131
385,389,420,377,281,135
372,373,413,369,341,107
356,358,406,310,305,98
343,354,402,372,321,79
323,359,400,353,336,81
313,352,402,424,368,113
298,348,407,416,391,127
284,345,417,271,405,164
269,345,424,291,420,208
267,338,430,311,483,224
256,352,440,336,439,235
263,346,442,386,453,208
275,346,442,440,444,191
296,348,441,416,439,160
312,350,435,457,391,157
331,351,427,413,410,170
347,354,421,422,337,194
370,366,422,455,366,180
389,390,425,429,316,161
407,421,436,377,377,141
419,422,446,390,356,139
422,432,454,249,296,147
415,424,454,248,259,225
406,400,444,351,321,208
386,381,426,295,279,159
371,365,414,308,331,127
354,353,404,292,455,136
335,346,396,310,473,170
314,349,399,336,496,184
293,342,405,276,471,194
282,345,412,302,465,195
268,344,422,354,525,185
263,347,426,515,495,175
263,352,441,541,434,150
270,346,446,537,422,132
282,353,449,501,418,115
300,353,450,497,497,96
309,353,442,267,418,71
321,351,439,217,367,101
330,345,426,237,377,141
342,355,423,247,304,172
362,368,425,323,264,239
380,406,433,359,300,296
408,422,442,454,295,265
426,445,453,511,263,301
431,450,459,386,326,276
418,431,449,377,262,251
398,410,433,325,268,274
380,387,421,341,286,235
354,370,410,314,340,169
332,356,399,398,358,131
313,353,398,388,370,114
296,349,401,447,414,128
283,351,403,488,450,150
266,351,411,505,471,157
259,346,416,414,450,155
254,349,427,400,396,145
259,343,432,386,477,142
269,341,434,348,366,124
288,346,433,410,493,128
312,347,430,364,383,106
330,353,427,420,432,111
348,352,416,451,337,101
370,358,412,457,280,116
394,379,420,463,242,140
397,420,426,437,283,144
409,420,442,484,247,177
414,433,457,468,238,159
409,430,460,489,237,147
404,410,451,406,279,132
389,390,438,434,250,152
377,378,435,382,304,127
363,372,427,339,283,112
349,366,419,356,305,125
329,359,413,256,385,115
315,362,411,360,486,135
294,368,413,382,536,154
282,359,421,469,483,162
274,356,430,489,520,156
263,358,430,537,477,178
261,355,429,477,476,163
267,348,430,464,520,130
276,343,429,452,538,107
289,345,426,393,524,84
306,342,425,373,473,74
322,346,417,343,459,82
334,350,415,386,450,120
355,348,411,378,481,142
383,372,424,427,431,180
398,407,436,387,348,257
405,413,448,418,318,239
409,420,457,391,296,233
411,419,462,384,349,249
401,400,456,390,282,196
387,388,446,325,326,180
372,371,437,407,354,149
359,363,430,369,341,111
347,361,424,464,385,92
332,359,418,439,460,102
317,363,417,480,412,117
307,346,422,418,540,143
284,349,414,432,570,167
268,343,415,461,598,184
257,345,419,404,657,191
248,349,425,355,568,190
254,335,424,402,557,160
261,332,430,339,567,128
279,338,427,270,482,121
307,342,427,332,502,153
323,344,418,345,467,193
343,351,413,337,508,177
370,359,408,399,476,200
413,352,426,385,385,194
405,410,435,448,453,187
407,404,447,382,405,163
402,397,451,427,410,198
393,396,457,413,371,230
387,389,457,422,344,193
376,377,451,379,409,151
366,364,440,347,473,141
358,362,433,434,403,134
349,360,426,437,491,136
335,360,418,460,483,142
315,360,413,449,543,153
301,359,417,458,609,173
282,353,412,486,712,165
263,348,416,468,698,140
254,339,418,444,705,144
243,343,420,395,702,155
249,335,423,415,625,165
260,336,425,380,560,154
279,347,428,401,556,156
298,351,426,339,506,148
317,350,419,358,420,168
333,351,415,377,379,214
360,366,425,400,331,239
382,392,439,431,298,185
392,405,448,428,388,214
403,404,457,415,306,219
403,403,464,416,305,171
404,402,462,418,313,220
401,383,454,372,357,183
392,370,445,340,352,166
381,366,437,374,336,131
365,359,428,354,347,102
352,354,420,389,356,102
336,355,415,369,519,92
318,354,416,493,463,92
304,349,419,546,447,102
284,362,423,538,607,124
270,364,426,487,593,136
259,359,428,472,618,145
254,354,427,411,558,134
257,348,425,389,553,117
263,342,424,401,633,95
269,340,419,399,593,75
281,336,417,389,605,100
295,333,414,327,535,98
308,339,410,369,454,107
327,346,413,333,378,130
354,371,425,407,328,154
376,399,441,397,301,203
396,415,454,459,310,244
407,422,462,388,322,212
407,416,469,413,271,236
401,406,463,452,389,186
386,388,450,373,342,164
374,372,439,400,366,153
363,368,431,339,328,126
350,360,423,398,348,108
336,359,414,388,438,116
320,362,415,364,420,123
307,359,413,496,449,127
295,360,415,559,477,123
285,357,418,541,516,127
273,358,418,469,543,132
263,354,423,457,561,138
264,343,425,412,450,131
266,340,425,408,454,128
270,336,426,400,478,126
278,335,426,404,428,118
287,339,424,392,427,102
299,342,421,346,389,133
310,345,417,394,406,119
327,352,416,356,390,140
349,371,428,429,354,202
378,405,446,420,386,206
397,423,458,490,430,198
402,424,466,426,406,195
405,414,466,444,325,197
395,401,461,406,353,166
379,385,449,314,294,171
363,367,437,352,300,135
352,357,431,399,291,144
342,354,425,410,332,111
331,358,416,417,420,104
320,357,412,406,397,94
313,356,410,396,388,117
305,359,412,398,370,132
298,356,416,415,409,116
288,358,420,412,434,118
282,355,420,434,423,118
280,344,422,383,336,124
280,341,419,419,261,110
290,332,416,362,225,120
303,330,409,417,181,119
316,331,406,379,178,102
337,341,405,397,171,91
355,353,410,397,182,81
364,359,408,381,161,66
371,367,408,375,206,61
368,369,411,364,242,55
367,364,413,346,203,46
365,361,412,356,253,42
361,360,414,305,256,43
353,359,413,406,275,45
355,358,417,425,252,41
355,360,423,441,246,48
350,361,424,446,228,45
356,362,434,416,207,55
358,366,442,413,216,148
362,374,452,441,250,138
361,371,457,491,269,109
357,369,453,493,307,85
355,371,447,514,429,69
352,369,444,468,495,56
344,363,434,462,579,53
331,363,428,425,791,45
321,352,424,345,654,48
311,343,417,306,670,54
301,340,415,300,668,45
296,332,414,286,545,39
291,326,415,332,601,39
292,324,418,338,534,39
297,331,418,347,487,39
312,326,418,346,485,34
315,338,405,405,425,33
328,340,404,442,387,46
341,345,403,499,410,57
361,350,407,483,412,118
380,369,422,510,487,165
386,389,437,474,513,161
385,390,449,486,433,151
378,385,452,447,495,150
370,379,450,457,410,131
359,370,444,432,370,104
352,360,433,422,421,82
342,355,423,418,429,69
334,351,416,416,446,59
320,347,414,419,435,51
306,343,407,411,461,50
299,342,416,425,475,55
288,345,417,407,575,49
279,345,422,420,580,41
271,349,428,426,582,46
271,346,431,433,523,37
275,340,429,418,465,35
284,337,430,439,428,35
297,341,428,415,392,32
306,346,423,410,392,34
318,343,415,402,403,55
327,343,411,400,409,75
342,350,409,394,399,148
367,369,423,391,315,165
385,392,436,387,328,170
392,396,444,435,349,240
398,396,452,382,381,210
397,393,456,450,321,200
392,386,454,400,323,165
384,375,447,466,310,156
376,365,440,418,272,153
365,364,435,439,329,115
354,362,429,434,265,95
342,365,421,387,348,92
326,365,418,369,371,104
312,361,411,463,397,102
300,355,415,492,478,108
286,359,419,442,464,99
275,365,425,442,443,95
267,360,425,390,443,80
264,356,427,440,489,67
270,345,427,387,427,55
280,341,425,444,465,50
289,344,426,372,430,47
305,349,423,434,367,51
321,353,418,345,291,61
337,357,415,399,293,76
362,368,422,342,239,126
371,387,434,435,260,172
382,396,441,437,248,259
391,388,448,471,244,247
387,397,453,442,294,312
388,396,454,422,252,276
387,392,456,417,345,270
384,382,450,318,280,256
378,373,440,383,243,216
374,364,434,350,211,198
367,360,432,495,233,164
355,357,424,394,256,130
347,352,419,342,340,113
334,342,414,321,386,125
317,341,412,373,362,102
306,340,414,390,343,107
296,346,425,372,352,135
291,348,427,404,358,109
285,347,430,382,374,93
280,340,428,432,431,111
280,338,427,425,451,116
280,336,429,441,443,117
284,338,426,426,462,99
288,340,423,427,498,83
299,337,420,412,518,67
309,340,417,382,441,73
318,345,414,367,483,82
334,356,414,397,438,105
354,373,426,430,421,141
376,389,438,426,359,155
390,401,448,470,324,186
396,408,453,440,320,196
395,400,452,455,327,217
388,388,448,372,367,179
381,372,440,410,322,206
372,363,432,364,313,197
364,359,433,347,307,181
356,359,430,415,254,172
350,361,432,454,241,162
341,359,428,381,228,141
334,359,427,385,291,108
323,359,427,402,332,93
312,359,425,391,361,78
303,359,426,411,420,69
295,350,429,411,546,55
280,348,425,428,556,54
271,342,421,387,533,58
264,340,420,435,544,50
264,337,418,367,462,41
272,333,417,427,493,42
281,336,414,363,465,40
297,337,413,407,397,69
314,344,410,355,441,77
332,354,408,407,441,171
362,373,416,384,392,198
388,403,430,432,353,164
403,411,438,442,468,214
411,405,442,422,395,207
405,398,444,456,481,169
397,389,443,379,377,166
384,373,442,461,381,161
374,366,441,397,314,129
364,362,439,429,297,99
353,360,435,382,316,94
342,358,427,408,342,82
329,357,422,329,345,72
320,357,417,349,356,102
310,354,417,371,360,84
300,362,419,399,420,77
291,364,424,367,351,84
283,362,423,381,368,69
279,351,423,370,415,69
270,344,426,408,458,69
269,340,424,387,477,70
276,333,426,450,686,65
285,333,427,393,674,60
297,339,426,426,560,60
310,342,421,375,601,76
324,348,417,398,480,86
345,364,420,354,378,96
372,387,429,405,338,96
385,405,434,404,335,83
390,403,439,465,394,142
400,404,445,472,367,255
404,408,456,410,389,280
406,401,455,410,331,248
399,388,444,330,311,205
388,371,433,362,396,163
381,367,428,306,316,118
368,365,427,381,380,91
357,362,424,417,353,73
343,362,414,422,353,69
328,354,414,419,441,65
320,334,411,540,458,57
307,349,419,525,555,45
296,353,420,526,607,57
282,349,423,431,561,57
273,346,426,443,518,54
269,337,422,397,527,45
273,328,422,438,524,42
281,328,422,379,463,37
292,332,420,425,443,49
308,338,416,363,479,61
320,342,412,409,404,64
334,347,407,342,423,85
354,360,412,416,441,109
367,375,419,376,416,135
376,399,432,455,408,177
386,401,443,439,420,160
400,403,455,466,407,211
410,408,459,457,433,234
402,389,460,411,368,217
392,378,448,386,419,193
376,368,442,351,380,173
369,363,442,374,348,160
361,364,441,346,357,138
353,365,432,396,381,109
342,363,422,420,419,96
332,356,416,379,405,81
321,351,412,398,502,84
313,352,414,417,474,96
303,353,416,395,470,84
296,349,416,368,448,66
287,346,415,369,409,71
283,340,419,388,429,93
277,331,419,399,415,88
282,328,422,406,372,87
290,331,423,377,425,79
300,334,423,422,400,67
308,339,422,371,383,64
315,346,414,410,472,55
330,345,411,385,449,54
339,356,412,395,383,69
358,376,423,402,382,122
372,394,434,436,343,106
382,406,443,462,413,123
387,408,448,392,348,145
386,406,456,408,374,156
384,398,456,358,364,180
376,388,450,414,324,149
365,376,443,358,305,113
356,370,436,364,257,102
350,366,434,366,261,79
345,363,430,433,221,62
336,365,422,450,324,46
327,355,415,478,358,39
318,352,411,494,406,47
310,352,412,442,409,50
304,349,414,362,412,53
297,345,415,341,368,52
289,335,419,360,404,51
285,329,423,387,397,56
285,330,429,401,447,60
286,331,429,425,605,65
294,329,430,399,570,67
304,330,428,423,534,60
310,335,424,380,503,53
317,339,419,408,449,53
320,344,413,390,456,76
330,352,412,416,524,67
341,363,417,420,411,85
354,389,435,401,425,100
372,415,455,411,361,111
385,421,467,404,448,95
385,414,469,389,431,155
384,402,463,359,467,175
376,387,451,406,412,142
369,372,438,343,356,127
362,362,426,402,427,126
353,354,420,355,411,104
342,355,410,454,427,82
324,348,386,406,386,77
327,343,408,435,518,65
321,343,415,464,517,64
318,340,419,390,487,56
310,345,425,264,504,53
304,340,427,301,405,87
293,337,430,328,401,119
285,329,432,384,411,154
285,323,433,387,399,167
291,325,430,393,447,181
299,334,426,423,494,185
307,338,421,377,442,178
316,340,419,413,451,179
327,343,414,380,432,193
341,358,416,420,391,166
359,382,423,431,468,149
370,404,432,420,499,185
386,425,447,415,567,143
392,428,453,394,550,130
388,429,455,407,633,111
381,413,449,364,573,82
369,394,439,393,522,88
356,384,433,352,557,82
352,378,432,422,591,64
345,373,427,380,547,66
336,369,422,433,572,64
328,361,409,393,526,71
323,354,411,428,504,80
314,350,403,401,487,82
309,345,406,450,503,73
304,337,407,420,421,76
293,333,407,436,409,77
284,324,414,420,382,92
277,321,416,442,431,105
271,322,418,410,369,118
280,318,426,436,370,123
288,323,423,420,405,124
298,332,420,432,363,123
313,341,415,405,389,129
330,349,412,397,344,114
350,367,412,401,330,135
372,391,427,393,364,137
384,404,438,398,446,120
384,416,446,363,438,134
390,412,456,410,494,163
387,408,458,363,434,166
376,385,456,426,362,232
368,370,448,402,285,218
358,363,442,409,239,178
351,359,437,417,339,131
343,358,429,393,294,100
331,351,417,439,391,89
326,353,417,388,399,108
325,330,414,480,456,104
304,350,410,448,463,91
300,340,408,451,496,92
294,336,409,151,552,86
282,329,413,258,633,101
273,320,417,294,656,123
273,316,419,339,538,123
286,316,423,357,469,133
299,329,422,351,513,115
313,337,418,389,557,102
326,342,416,358,478,96
338,345,411,395,540,83
345,350,410,367,513,83
359,349,412,411,429,117
362,380,430,360,476,123
375,411,448,417,577,148
390,421,469,391,580,150
394,426,476,423,505,135
388,410,474,419,432,117
375,385,459,381,408,107
363,371,451,407,352,114
355,365,445,356,359,102
350,366,436,423,403,92
340,361,426,372,443,68
328,362,418,439,546,55
320,353,408,439,513,48
308,349,406,472,484,46
301,349,405,141,460,38
293,341,404,195,462,34
282,331,405,247,442,35
272,322,411,327,483,33
261,319,414,325,459,29
262,315,418,374,403,33
273,317,421,356,374,34
290,326,422,398,348,48
309,336,418,374,392,39
323,347,414,404,401,48
341,351,409,375,402,48
357,359,405,409,360,89
381,379,427,406,360,98
383,408,437,442,370,101
391,415,450,405,397,90
391,410,458,418,392,110
386,415,469,385,365,92
382,406,468,420,350,107
372,390,459,392,337,111
366,375,449,436,317,90
362,374,444,413,350,79
356,366,433,445,379,62
349,370,428,413,374,49
335,366,421,455,476,46
322,355,408,440,464,41
313,352,411,469,472,46
304,345,417,464,497,45
293,341,410,475,483,47
280,332,412,453,477,59
271,323,413,435,456,55
264,317,414,420,508,55
269,311,417,434,449,64
278,310,416,396,388,66
293,321,417,426,386,65
306,332,414,391,412,64
320,340,411,425,471,75
331,343,406,400,383,72
342,347,403,421,404,100
354,372,412,435,362,87
369,394,431,452,433,82
386,410,450,437,366,80
391,413,453,418,350,73
395,416,456,408,302,60
397,404,454,392,323,55
390,385,448,351,316,68
382,374,442,367,295,78
375,372,440,314,278,72
366,370,437,416,322,67
353,365,431,419,336,55
339,361,425,455,334,45
328,353,414,449,386,43
320,344,415,439,406,48
307,356,416,382,385,46
300,353,417,317,406,44
291,348,414,311,389,44
285,339,418,354,482,60
278,332,415,354,515,80
274,328,415,390,469,82
280,325,418,371,377,90
291,328,416,404,341,90
305,336,415,396,408,77
319,342,414,397,339,64
333,350,412,372,327,65
348,358,408,398,326,63
364,366,412,386,310,62
383,378,423,385,302,69
385,400,434,367,307,72
392,408,448,408,320,80
391,407,457,369,274,88
382,403,463,424,266,85
373,392,459,310,289,90
360,377,449,371,261,131
351,368,440,362,271,134
348,362,434,394,267,138
347,357,428,417,308,107
340,360,421,414,329,95
330,361,414,474,460,73
321,352,410,523,577,56
304,356,409,536,548,53
291,336,411,522,619,48
280,328,408,505,598,53
274,315,416,432,615,45
266,321,414,436,576,46
273,320,416,423,563,39
285,324,417,434,514,45
301,330,415,418,476,38
316,336,411,417,396,49
333,347,407,374,445,66
351,360,404,404,430,90
379,379,422,405,407,108
390,398,436,451,486,130
397,415,449,399,453,147
392,417,458,436,410,170
384,408,461,395,458,164
374,395,457,433,380,178
363,383,453,342,350,178
360,382,454,399,288,183
358,370,450,408,291,156
354,367,443,393,301,144
349,364,434,422,418,126
335,366,427,424,368,96
319,350,415,477,352,76
304,345,414,464,449,70
288,337,416,427,535,69
269,328,420,399,446,54
259,320,424,401,388,47
255,319,424,373,322,50
263,319,425,426,385,52
282,325,425,394,337,47
302,331,420,429,307,50
319,337,415,381,279,80
334,339,409,415,225,80
347,345,403,384,208,92
362,364,408,439,310,117
374,384,427,415,276,143
374,406,444,470,325,199
378,412,460,418,361,182
383,416,474,461,316,229
378,401,482,438,254,210
380,388,471,385,240,226
378,378,460,398,273,218
373,372,449,349,252,171
368,371,440,464,246,124
354,352,423,434,208,98
358,368,439,483,313,85
333,350,410,442,342,89
322,346,413,446,308,76
315,333,414,424,290,65
304,334,412,443,392,71
295,327,415,415,429,92
285,316,414,430,402,96
272,311,414,404,368,94
274,308,417,438,415,93
282,308,419,401,343,81
292,313,418,438,371,77
304,322,417,406,329,97
314,325,412,429,284,106
324,326,410,364,279,112
337,338,410,346,263,147
354,358,418,291,245,160
367,380,432,318,274,161
381,395,446,355,276,178
390,405,454,347,301,168
388,407,458,390,304,235
390,408,464,347,266,239
386,402,459,380,223,200
380,392,449,365,205,165
375,376,436,435,222,132
369,371,429,432,240,107
360,361,424,451,270,109
353,363,415,458,352,114
339,355,413,403,345,113
335,337,416,435,453,95
320,346,418,419,441,84
309,343,421,389,373,91
297,337,417,367,469,103
278,327,421,396,412,104
272,314,422,384,378,101
278,302,426,413,360,105
281,310,425,400,314,124
296,314,423,404,318,100
311,321,419,403,377,114
324,327,415,369,341,116
334,333,413,374,292,101
345,347,419,354,305,100
353,366,425,423,226,112
359,373,429,403,327,112
357,394,440,417,319,105
364,419,460,393,314,98
369,433,472,422,333,88
377,429,475,407,324,70
371,417,461,431,340,77
363,400,448,398,335,104
355,383,435,383,401,100
349,367,428,398,378,91
338,362,419,395,417,76
334,353,412,419,455,60
329,346,410,424,498,49
317,347,405,430,508,42
313,335,405,424,430,42
307,332,404,448,406,37
299,324,404,441,388,40
285,315,404,456,394,44
272,306,403,434,376,53
271,304,405,389,337,70
277,306,408,359,328,86
288,312,409,377,284,94
302,320,410,383,417,102
315,330,409,361,446,107
329,341,410,300,459,116
349,354,416,331,487,108
362,379,429,334,404,102
367,395,439,383,418,95
372,411,448,375,410,98
374,420,459,408,381,76
375,424,467,374,378,64
373,413,468,415,415,64
368,403,461,389,386,73
359,391,449,431,418,78
348,386,443,376,426,69
344,375,438,409,412,57
338,365,430,392,403,54
327,363,419,438,502,49
316,356,408,428,485,44
313,345,411,451,465,45
307,340,409,446,548,39
300,331,408,455,567,40
289,320,403,439,513,46
275,309,404,441,499,50
268,306,402,436,449,44
274,297,411,451,462,45
281,296,416,402,524,50
285,313,409,355,502,48
299,324,409,343,481,44
313,332,407,377,638,57
333,346,407,350,606,54
353,362,412,373,520,60
378,391,438,367,511,100
392,426,453,430,588,98
391,421,460,399,565,87
394,418,467,421,601,82
388,415,472,373,486,83
380,406,468,431,495,115
372,393,459,427,462,127
362,377,450,439,427,118
355,365,438,438,363,105
346,360,430,437,501,86
331,355,419,414,415,69
320,347,410,388,383,53
312,338,407,387,418,56
298,336,403,385,421,62
285,325,403,389,418,55
268,315,400,395,577,49
258,306,399,400,511,63
252,304,399,385,512,55
262,305,405,404,487,44
278,315,408,394,426,44
299,327,406,401,435,47
315,340,408,398,434,54
335,348,408,398,391,69
352,359,406,397,477,71
380,380,436,409,507,56
371,398,432,427,554,56
371,400,441,432,566,45
371,399,454,392,547,45
371,400,463,405,595,44
371,403,471,429,537,51
365,394,468,429,453,51
357,389,463,429,377,44
354,378,458,429,363,43
349,370,448,435,338,36
342,365,437,446,476,36
334,364,428,458,455,41
329,358,429,436,462,37
313,351,410,526,489,38
304,337,403,547,554,51
292,329,401,405,502,50
276,317,398,324,414,64
260,299,397,342,500,67
255,292,398,350,406,72
260,295,401,377,448,86
277,307,404,391,400,88
295,328,411,405,383,105
316,335,410,411,333,93
331,341,408,403,348,127
345,346,406,407,304,111
358,362,407,378,288,121
374,374,425,433,390,111
380,400,443,420,444,95
384,403,455,448,446,95
382,404,465,400,594,95
382,405,474,408,557,89
374,397,473,393,631,87
365,381,465,413,468,98
355,376,459,369,353,88
349,366,452,449,425,67
342,361,440,405,361,52
340,355,432,467,460,46
339,365,444,432,439,46
320,343,411,428,422,40
313,334,408,529,483,36
298,326,401,471,505,31
286,313,400,389,549,32
271,301,395,382,534,34
262,298,400,364,424,39
264,295,403,394,358,50
278,300,402,374,341,52
296,319,409,419,350,57
313,334,408,382,332,56
329,340,408,420,358,54
341,348,401,376,351,54
352,356,408,412,315,69
376,367,427,396,405,84
371,397,439,434,371,123
374,404,450,423,404,108
377,405,466,437,416,97
373,406,473,422,388,87
367,395,471,415,394,89
356,380,462,389,323,107
346,375,456,433,330,101
341,363,450,445,362,101
338,358,441,460,345,86
334,356,430,435,313,69
331,346,419,402,413,55
319,356,416,398,424,48
312,337,407,388,448,49
300,322,397,365,449,44
288,306,394,318,378,39
277,297,394,335,370,40
271,294,398,354,374,43
278,294,403,372,447,46
292,310,406,386,446,46
307,330,410,388,400,65
323,339,407,389,319,61
338,350,406,385,308,61
356,363,405,388,284,63
384,368,426,394,370,74
374,393,429,422,392,66
375,396,441,404,381,68
367,390,452,413,407,66
360,387,460,412,448,69
358,392,469,425,437,82
351,385,468,404,450,80
345,377,463,406,444,83
342,370,458,406,392,69
342,366,452,426,351,53
340,369,442,409,320,43
343,365,435,471,351,47
332,364,424,421,399,45
319,351,401,405,447,45
318,335,405,370,467,42
307,327,401,322,449,34
297,315,398,224,396,52
284,304,396,287,490,51
270,303,395,309,498,46
267,297,399,347,477,39
276,301,404,348,392,51
291,317,406,374,353,44
306,330,406,367,351,55
323,344,407,388,420,55
341,356,401,361,398,65
360,370,413,402,540,92
379,367,432,385,577,89
365,398,442,444,677,107
370,404,458,442,681,89
371,402,469,420,624,74
371,403,475,405,545,58
367,393,476,416,509,65
359,379,469,410,486,64
353,368,460,417,403,51
345,363,452,377,400,44
344,361,445,435,410,37
339,357,434,430,457,32
330,354,423,515,467,34
321,354,419,520,496,36
313,335,405,489,470,37
301,329,400,471,404,39
291,312,393,405,428,45
273,292,390,285,511,48
261,288,389,292,419,51
262,288,395,312,372,69
273,298,400,343,346,72
290,315,405,345,398,88
309,326,406,384,473,81
325,335,406,368,517,96
337,347,405,387,493,105
350,372,410,381,533,109
370,369,425,404,513,89
366,408,444,420,513,82
382,416,467,456,551,75
386,422,479,438,485,101
385,416,481,425,572,90
370,396,474,440,478,108
358,381,463,405,395,96
349,366,452,427,408,72
345,358,441,391,367,59
337,354,428,435,432,53
330,351,417,426,520,52
322,347,403,389,505,59
309,344,399,407,550,74
302,327,394,440,489,57
288,315,389,434,622,72
269,303,392,477,591,69
259,296,396,409,581,76
255,299,403,378,552,81
268,306,409,370,463,104
288,321,417,340,407,104
309,332,419,259,470,138
325,341,417,313,437,123
341,350,411,299,415,157
373,360,433,362,405,143
374,401,446,377,471,120
382,409,458,435,512,185
385,419,475,428,513,153
383,415,477,429,444,173
382,400,475,443,395,194
376,388,467,403,452,167
369,373,457,433,379,135
365,368,450,421,559,104
357,365,441,399,495,108
342,356,429,395,531,129
329,355,420,410,491,121
318,342,412,440,410,114
306,326,404,403,427,119
293,314,400,381,345,118
277,301,396,351,468,134
264,291,396,344,412,123
267,285,395,330,329,127
277,292,399,373,396,138
291,302,401,378,367,130
305,314,402,378,391,116
319,316,400,391,400,116
329,317,398,371,523,137
336,327,405,403,516,135
350,341,417,396,729,127
358,387,452,454,723,140
364,395,458,464,701,162
374,405,473,406,565,178
387,413,483,420,454,164
382,403,486,400,424,211
374,394,470,392,319,189
367,385,453,346,388,193
367,372,442,411,355,207
366,359,429,368,290,169
367,347,431,427,351,130
352,354,421,423,327,116
336,331,404,435,389,92
333,311,405,444,429,75
324,304,405,438,450,65
311,300,407,479,550,77
296,289,406,553,561,85
283,286,408,501,537,78
277,290,413,461,524,64
279,296,414,469,546,73
286,303,414,414,630,79
295,310,411,408,683,73
306,318,411,404,632,98
316,325,408,404,646,125
328,337,412,391,563,117
338,358,418,407,598,176
355,389,435,397,706,188
366,413,454,432,680,192
381,432,471,403,553,160
381,438,474,427,559,170
376,425,467,404,468,150
370,403,451,421,473,173
368,382,441,408,436,172
366,370,436,371,401,177
361,357,428,388,347,182
358,353,424,363,274,183
346,336,412,407,236,157
339,327,409,409,241,132
334,317,410,451,297,118
323,312,407,439,289,106
310,304,404,423,229,78
302,301,402,563,242,60
301,302,401,553,271,74
302,308,404,532,257,82
306,315,400,513,191,91
311,321,397,477,156,94
318,326,393,398,138,91
326,332,390,368,139,90
336,337,389,330,133,95
345,349,393,330,134,87
348,360,397,341,139,77
354,369,401,343,116,69
358,374,405,319,122,61
356,381,407,307,115,54
358,388,411,350,111,51
360,391,412,434,95,48
360,398,415,452,85,38
359,400,413,416,84,33
359,401,413,440,95,26
360,404,414,429,86,24
358,408,412,486,94,20
357,412,415,468,91,18
356,410,414,474,107,25
356,410,412,460,110,28
354,413,414,456,124,40
353,409,414,462,125,48
352,405,411,476,128,49
349,400,412,472,154,51
344,397,412,465,185,46
342,394,413,453,177,36
342,397,411,455,169,33
343,397,413,457,181,30
339,405,408,454,238,33
342,402,413,451,247,31
341,398,413,432,222,33
340,394,413,441,210,70
339,389,408,411,193,64
340,385,405,413,176,69
345,381,403,411,192,122
346,381,399,427,220,153
352,380,400,466,230,190
360,386,402,459,257,148
369,396,406,485,280,110
369,407,414,429,299,97
368,408,421,444,283,79
360,412,421,412,316,63
358,406,422,458,303,55
354,395,415,449,353,47
350,385,408,460,448,39
342,374,400,415,459,39
333,359,391,417,477,36
320,354,387,396,602,39
305,345,389,408,643,36
295,337,386,380,638,34
289,331,390,408,582,33
289,331,392,415,567,41
289,334,394,441,573,50
299,336,396,398,532,44
309,339,398,415,485,51
320,344,399,391,514,49
324,346,398,411,493,62
336,351,400,402,379,80
346,356,401,405,432,109
356,364,409,409,465,91
360,372,417,427,476,81
359,384,428,337,478,84
358,390,435,374,454,75
357,391,442,386,400,68
352,394,447,416,345,63
351,389,445,432,376,56
350,385,444,455,367,50
347,379,442,426,337,43
344,375,438,402,324,38
346,370,436,381,379,36
347,374,432,398,461,35
343,374,429,416,454,34
337,368,426,444,508,43
333,357,415,438,466,50
320,353,414,436,491,54
314,342,411,425,507,63
307,337,410,471,466,75
303,331,413,437,515,95
297,330,411,387,470,97
297,332,410,369,519,99
299,332,410,374,476,99
305,335,408,370,406,96
308,341,405,366,391,99
317,347,402,380,400,136
331,354,405,403,359,145
350,373,414,385,328,126
370,388,426,432,348,125
387,416,443,401,333,115
396,434,460,449,331,119
391,430,469,419,370,107
382,417,462,454,476,102
373,404,449,446,457,79
362,388,435,433,424,85
357,372,422,405,407,72
346,358,416,371,409,75
333,352,413,358,463,111
328,341,408,397,418,142
321,340,412,454,435,175
317,338,414,414,469,207
310,337,416,383,513,215
307,337,417,361,407,222
302,334,420,384,535,242
299,331,417,371,463,243
300,332,418,401,415,260
302,330,415,418,417,273
309,331,411,419,408,254
314,331,406,407,401,285
322,332,403,381,359,264
333,340,406,411,387,226
346,352,412,401,414,224
359,364,426,432,380,172
364,383,441,425,369,184
368,390,449,433,385,245
367,393,457,435,352,260
369,390,458,402,329,182
371,387,456,447,293,135
369,380,447,394,303,114
367,373,443,434,262,93
363,372,440,388,270,76
357,371,438,428,315,69
350,366,435,401,358,76
342,364,429,403,417,91
330,351,418,387,429,112
321,341,414,419,432,133
309,325,408,379,469,131
298,313,405,367,445,135
291,308,407,379,452,132
285,306,406,392,439,131
291,312,405,422,464,117
297,316,406,399,408,111
310,322,405,424,406,109
320,329,403,395,458,142
334,337,402,418,381,165
353,353,406,416,366,168
370,370,419,437,352,177
383,390,432,443,403,217
379,405,444,426,384,173
383,406,455,426,340,209
373,407,458,388,328,180
364,396,453,439,326,200
357,382,445,389,264,211
352,369,438,436,320,216
348,362,431,413,312,186
344,359,425,415,306,146
335,355,421,397,345,111
331,353,416,300,378,95
324,350,413,333,474,92
313,343,417,338,537,82
305,338,417,375,462,87
306,334,422,372,492,98
302,333,423,419,482,101
301,335,424,438,404,97
308,335,424,479,373,88
312,335,423,453,338,86
316,337,420,432,340,99
321,339,416,390,314,127
325,343,413,392,242,138
334,354,413,340,204,183
348,364,416,380,190,213
352,368,423,378,163,268
359,381,434,422,180,242
366,390,446,432,150,246
368,400,451,434,124,209
370,397,450,464,124,198
370,390,443,394,158,152
370,379,429,427,125,172
370,370,422,349,167,153
373,365,414,394,203,129
372,361,410,377,271,105
368,358,408,427,240,92
361,359,407,425,316,74
354,358,412,427,330,75
347,360,418,403,310,71
344,367,426,451,289,69
338,371,432,487,343,66
329,373,435,488,335,56
320,372,435,492,398,54
311,367,435,497,479,53
302,362,433,495,479,51
298,355,431,488,551,61
298,353,427,452,504,69
298,349,425,416,416,83
301,341,420,385,449,97
306,335,414,342,381,111
313,333,411,361,337,114
322,339,411,385,317,100
333,348,411,406,290,122
350,361,414,366,272,155
361,366,413,416,282,250
368,374,419,352,253,243
378,385,425,409,246,245
384,396,429,404,224,237
390,405,433,427,216,194
392,403,432,436,234,153
390,393,427,382,203,172
385,382,419,418,192,141
381,374,413,353,228,109
377,365,407,406,222,93
373,360,406,362,234,83
368,355,403,407,215,74
359,360,405,365,289,60
353,361,410,379,358,59
343,369,420,390,342,52
336,370,425,383,320,58
327,373,429,380,362,76
320,369,433,387,400,70
312,366,435,353,406,81
309,362,435,332,471,74
307,360,434,352,418,73
309,356,433,335,356,100
314,352,431,310,394,93
319,350,430,200,428,83
324,349,427,147,423,89
331,343,422,182,426,100
332,344,421,216,378,92
334,350,419,301,428,82
335,351,416,327,380,79
339,350,411,369,349,122
340,363,408,382,359,141
353,375,414,412,296,159
364,392,428,423,326,232
375,407,435,405,332,218
374,417,444,434,368,205
372,419,440,375,350,223
370,406,427,415,340,203
368,389,414,375,390,204
366,372,408,428,418,192
362,366,405,398,491,176
355,360,405,408,578,193
348,354,403,407,572,167
335,348,412,396,644,143
324,350,422,413,633,111
316,347,423,404,576,91
312,346,428,419,676,91
307,344,430,419,666,87
305,340,432,444,631,86
302,338,431,442,599,91
305,333,430,472,609,71
305,335,430,458,544,74
309,338,428,453,589,73
316,343,429,433,494,59
325,346,424,439,428,52
330,345,418,420,361,49
333,343,411,400,276,56
336,344,409,376,248,76
344,354,410,410,319,144
355,371,415,377,289,201
365,382,419,411,308,173
375,405,434,390,346,171
380,418,442,429,308,185
378,424,441,416,319,161
375,419,440,402,287,129
371,408,431,425,299,110
368,392,421,372,272,91
366,382,418,424,383,101
359,374,415,379,421,91
349,369,411,425,353,74
341,361,410,404,425,74
328,357,413,195,505,63
325,355,409,222,531,58
320,353,417,271,442,73
316,347,418,318,536,82
312,343,418,318,535,99
303,338,419,313,621,88
295,333,420,345,534,83
289,325,422,352,581,82
288,325,424,359,624,71
288,333,426,343,522,68
293,337,424,344,426,59
306,339,419,323,423,75
319,344,414,335,338,113
335,357,415,316,328,189
348,365,414,359,275,218
357,379,420,361,269,232
360,389,426,404,242,220
362,402,433,397,220,183
368,413,441,402,233,197
373,419,449,426,243,178
372,416,446,371,292,150
371,400,434,410,265,137
372,385,420,329,232,120
370,372,413,377,239,90
367,367,410,347,253,79
361,363,408,381,221,84
355,356,401,373,255,73
351,347,409,413,309,101
342,342,410,441,427,97
336,341,415,534,357,81
330,339,419,457,323,72
327,337,424,411,355,60
325,332,427,336,310,52
322,333,432,275,371,56
318,333,433,290,396,82
319,330,435,333,389,90
318,335,438,332,409,75
321,336,440,314,595,85
326,341,437,342,684,78
327,343,431,386,589,70
333,346,427,411,578,62
338,349,422,443,534,57
338,349,416,436,431,70
341,352,413,453,359,85
341,354,411,430,289,127
345,362,414,453,271,186
352,370,420,453,353,169
358,389,428,447,327,192
369,405,437,455,328,171
373,414,441,410,301,136
374,411,437,432,323,112
375,399,426,380,399,106
369,384,418,396,390,96
366,374,414,349,355,90
360,365,410,395,335,82
355,362,409,376,303,79
347,359,410,400,314,68
339,356,413,395,386,69
335,348,412,392,327,64
331,347,413,390,426,58
324,345,418,411,485,65
316,345,424,401,531,73
308,341,425,412,561,66
300,334,426,404,714,73
291,329,426,411,671,68
284,332,426,400,688,68
284,334,426,405,676,60
291,338,425,385,588,67
299,342,420,408,633,73
315,351,418,393,488,85
332,363,416,416,407,193
352,380,419,434,442,193
375,392,429,479,481,180
390,416,441,481,509,205
390,431,448,471,486,171
386,434,454,478,509,131
379,423,448,432,456,97
369,405,436,457,450,78
361,387,425,409,410,65
354,377,417,410,402,56
346,370,413,368,557,57
340,359,408,381,486,50
332,350,402,368,467,56
326,344,402,401,595,64
321,340,406,410,602,74
317,332,410,402,653,76
311,326,413,377,651,88
302,323,416,373,595,79
296,320,423,403,647,85
291,318,426,398,578,83
292,327,428,401,580,75
293,331,430,413,574,69
299,337,425,420,629,60
308,344,420,434,665,56
319,351,415,426,575,79
334,361,413,450,531,110
349,381,420,444,424,185
367,403,442,477,452,187
372,418,448,443,433,214
379,424,456,463,358,178
377,426,460,495,521,155
369,414,454,484,410,114
362,394,444,459,361,107
355,383,435,427,398,118
350,373,428,415,404,110
345,365,420,314,420,92
341,356,414,362,426,78
333,353,412,345,411,60
330,347,407,383,379,52
323,339,404,343,440,43
318,331,406,380,479,45
309,327,409,413,441,40
299,321,413,389,452,42
288,316,417,386,551,51
280,315,421,409,561,60
289,320,424,398,456,64
301,328,423,428,442,75
312,338,419,421,446,77
323,344,414,429,437,96
335,351,409,415,416,105
350,365,411,428,382,140
366,376,423,418,437,152
363,400,435,454,572,123
365,408,447,425,489,129
363,409,458,453,476,120
359,411,464,460,406,137
358,405,462,433,354,121
351,397,455,436,377,120
350,385,447,384,311,121
345,376,437,398,336,113
343,372,428,329,374,115
341,363,420,374,322,91
333,354,406,366,328,79
323,351,392,384,392,65
320,326,404,347,422,63
311,320,402,409,414,55
299,311,400,416,588,55
288,306,402,418,511,51
280,305,410,420,499,50
280,308,406,441,546,50
291,315,410,425,540,43
301,325,408,426,562,40
312,334,404,419,616,40
323,343,404,413,588,40
335,354,401,392,472,80
346,369,416,412,407,80
349,391,433,415,531,88
353,395,443,435,523,80
360,395,449,407,535,69
362,392,452,439,618,74
361,391,457,403,466,86
359,391,457,429,439,88
356,385,453,396,557,114
351,374,448,422,478,121
348,370,442,408,430,119
346,368,437,418,532,115
341,361,413,406,510,99
332,364,423,374,727,80
325,350,415,360,666,71
316,343,413,362,678,56
307,334,409,384,619,50
299,323,406,383,598,45
289,315,410,383,593,39
274,313,409,391,608,34
274,314,410,322,527,32
282,318,412,354,427,31
294,325,412,362,394,36
307,335,410,333,341,41
322,344,406,303,260,52
340,353,408,303,225,78
365,370,416,373,245,68
376,389,430,412,400,66
378,395,436,419,437,63
369,393,441,448,350,65
360,390,448,487,303,67
355,385,455,479,375,75
348,390,455,464,398,83
343,384,447,438,314,96
344,375,442,430,384,90
341,368,432,410,313,74
343,365,427,392,318,64
344,366,419,406,355,59
345,361,417,415,365,48
339,354,414,424,364,44
335,344,417,433,368,51
330,343,422,444,309,72
324,336,421,425,357,74
317,332,422,445,398,61
310,330,422,445,405,72
302,326,419,441,464,90
293,325,416,427,656,104
292,328,415,405,574,104
296,331,413,403,513,96
303,334,409,394,529,91
312,339,407,401,580,75
322,350,410,402,546,80
335,362,416,423,566,70
343,375,422,425,559,67
352,387,432,434,484,91
359,399,444,447,370,67
362,411,454,473,349,63
367,420,461,448,347,55
366,410,458,449,343,60
361,397,445,417,368,63
355,385,437,435,426,73
349,378,432,415,537,93
344,367,425,430,461,90
337,359,418,401,467,117
330,348,406,390,373,120
325,339,404,338,414,95
323,337,404,319,487,84
322,331,408,338,624,75
316,325,407,376,639,68
310,321,409,380,642,58
305,317,413,397,592,54
300,313,415,365,620,56
298,318,418,343,630,52
296,322,420,321,568,50
298,322,419,363,638,45
301,327,416,361,593,38
307,330,414,383,705,44
314,339,413,379,656,49
324,352,416,427,527,50
336,371,426,434,490,57
347,390,436,478,465,79
357,406,451,476,465,73
360,423,459,497,427,92
363,427,467,459,329,114
362,417,461,469,330,126
357,404,446,395,274,124
352,385,436,439,325,121
347,373,426,389,377,123
341,367,422,408,383,119
336,362,416,383,434,118
332,351,406,349,416,106
325,339,400,372,392,88
322,332,405,364,426,77
318,325,405,390,470,71
314,316,406,358,519,69
307,309,406,380,512,69
294,305,414,254,595,65
287,300,416,275,574,78
289,313,423,320,671,67
296,316,422,371,627,65
304,319,419,392,625,55
310,327,416,409,521,50
317,335,413,393,455,57
323,346,413,433,347,49
336,360,419,462,364,44
342,384,428,468,308,68
347,404,444,446,300,64
355,422,461,475,282,69
361,430,469,466,265,59
357,425,470,483,251,47
353,414,458,452,277,42
348,398,445,459,272,53
345,384,434,432,256,52
342,372,425,424,223,52
337,360,415,361,303,46
329,348,406,386,307,44
325,338,402,371,321,63
323,326,400,396,351,67
325,316,404,378,440,66
320,308,402,353,439,81
312,298,404,363,499,80
307,291,407,431,495,78
304,293,412,423,487,67
304,300,414,403,478,61
305,302,412,423,507,75
310,306,410,432,402,87
313,317,409,441,331,79
318,327,406,466,322,73
325,338,410,480,281,71
336,362,419,467,250,60
345,392,435,437,345,62
350,426,456,439,351,66
364,444,470,461,363,62
364,452,475,464,394,57
359,437,467,477,438,65
350,415,449,473,555,60
339,399,440,465,507,77
330,384,433,413,423,77
326,373,425,391,401,71
319,358,411,374,417,65
316,347,401,377,393,65
312,335,398,362,420,60
307,313,397,379,407,81
300,296,391,408,494,67
291,281,394,453,636,59
288,274,394,423,548,64
291,279,398,444,531,59
296,288,399,423,424,63
308,299,402,422,369,54
322,312,402,419,394,52
336,325,400,404,352,60
352,344,406,316,358,63
364,369,423,351,336,68
364,395,440,385,362,58
363,414,455,420,512,66
360,419,461,429,514,63
357,418,466,454,637,71
355,406,463,427,506,83
351,389,453,449,524,103
347,383,447,427,515,130
339,379,440,379,392,126
340,372,433,378,480,116
341,364,427,327,462,133
335,356,417,368,424,121
325,340,410,360,414,110
320,330,409,381,383,90
314,316,405,363,564,82
305,304,401,425,518,78
296,290,400,296,596,78
293,288,407,313,541,67
292,297,405,342,537,70
299,307,408,328,510,80
306,316,407,348,604,67
312,325,405,372,545,79
318,328,403,376,516,75
325,337,404,410,543,86
333,348,411,409,472,124
343,359,419,466,547,108
342,381,435,453,449,99
348,399,455,449,496,97
358,419,477,459,561,101
360,413,475,469,478,108
358,404,466,458,471,125
354,393,453,424,501,141
348,384,446,437,597,164
337,380,435,360,615,174
330,368,426,383,687,153
324,354,416,331,641,135
318,349,411,353,621,111
313,341,404,355,628,82
313,334,403,401,749,71
312,323,399,403,640,63
306,312,397,393,815,53
299,303,399,434,848,52
292,301,400,415,649,53
292,306,403,409,622,54
296,310,403,398,589,54
303,312,402,408,599,50
308,323,402,403,574,50
316,332,404,391,566,52
330,345,411,414,636,54
344,358,420,415,487,50
348,375,429,440,460,41
351,388,432,459,451,45
349,389,441,483,465,40
350,389,452,478,426,46
350,406,465,496,504,62
353,413,467,464,474,71
350,405,464,481,660,71
341,399,453,457,773,59
338,391,445,452,648,51
333,389,435,404,578,45
329,374,425,406,673,39
327,360,415,358,632,41
318,351,410,366,668,37
314,342,400,342,520,48
311,329,396,378,672,53
306,314,389,331,633,52
295,305,388,399,574,61
285,295,389,410,553,59
281,296,392,381,512,69
285,300,397,396,497,75
293,312,399,403,646,88
302,325,401,395,587,90
315,338,405,396,558,92
332,351,414,384,662,88
343,365,424,406,635,88
346,387,439,409,662,84
348,399,450,418,617,73
343,403,460,424,616,74
345,403,483,458,538,60
350,416,480,425,470,57
349,420,477,457,461,52
341,403,465,413,510,65
340,402,449,428,555,84
337,393,436,363,546,74
335,385,425,384,489,60
330,376,415,328,457,49
323,363,403,377,410,61
316,350,399,364,452,58
312,335,391,374,502,70
308,322,389,364,628,67
303,307,386,433,606,66
290,298,388,446,599,71
285,299,393,422,625,63
284,304,398,410,720,71
294,313,402,266,661,84
306,322,406,301,656,74
315,332,407,352,759,72
320,341,405,347,656,83
325,347,407,373,597,71
328,358,416,364,505,65
339,376,435,402,489,64
338,398,440,397,530,56
344,407,452,415,509,49
348,415,466,382,413,40
350,422,472,426,531,38
351,420,471,380,504,57
342,411,464,425,466,80
337,403,456,355,447,88
334,394,445,389,402,87
330,386,436,309,488,74
327,377,424,380,473,63
322,364,412,315,450,62
321,351,409,385,507,59
312,338,400,341,551,69
306,327,393,375,541,75
301,312,389,372,562,74
289,295,388,449,669,84
282,285,389,499,815,86
287,294,395,481,686,79
294,302,399,449,642,81
307,312,401,463,791,90
317,320,402,429,699,77
324,324,400,414,627,72
330,332,401,399,625,66
336,343,403,425,638,68
340,361,419,410,694,71
337,384,430,444,693,64
335,393,441,398,674,57
330,402,457,452,674,52
330,414,476,400,523,49
326,418,480,449,486,51
329,409,470,391,402,59
326,397,453,436,314,77
328,390,445,389,372,75
331,383,434,417,291,68
327,375,426,377,248,53
324,364,412,395,253,64
322,355,402,345,230,71
324,340,397,363,304,86
324,330,399,351,400,90
326,324,397,382,460,94
319,315,397,353,466,90
313,309,396,374,419,78
309,303,399,364,428,91
304,304,400,393,470,78
306,306,403,380,529,78
311,312,404,402,523,77
314,316,403,390,421,82
315,324,403,407,480,92
319,331,405,389,440,101
321,339,411,389,357,92
328,352,419,367,343,97
331,370,426,400,463,113
333,381,435,409,528,135
337,396,451,421,640,150
341,416,461,417,571,137
345,422,467,463,530,117
346,415,462,470,567,93
342,408,454,460,522,92
343,400,447,456,637,88
342,393,443,350,638,75
341,385,438,349,575,75
341,377,431,377,421,56
340,362,422,417,557,58
334,357,415,434,467,75
334,347,410,454,577,76
328,336,404,456,480,63
321,321,398,451,559,68
315,306,392,448,531,73
306,299,390,281,581,93
294,293,384,284,537,101
287,286,383,300,455,95
292,293,384,314,426,134
302,306,387,321,374,107
314,324,395,331,412,119
331,343,404,380,601,139
347,364,418,372,687,143
352,371,424,434,801,147
339,385,434,438,750,144
337,392,446,446,614,118
340,409,464,464,657,100
345,429,479,443,694,93
334,407,482,472,592,75
336,425,468,433,537,56
340,410,455,442,461,44
343,391,441,387,446,36
340,382,426,387,354,39
337,366,412,355,565,59
330,349,402,387,425,65
329,332,393,415,485,65
319,316,392,414,577,74
314,301,382,377,465,70
309,287,383,345,502,91
307,282,384,363,526,82
305,285,386,354,618,79
308,294,391,382,945,86
314,304,396,358,828,73
317,315,400,358,702,73
320,326,405,378,740,85
326,340,410,380,720,72
327,354,417,403,732,69
331,364,427,431,760,71
327,380,432,458,685,64
327,394,446,471,790,52
327,414,460,484,681,43
335,430,472,497,666,43
335,435,475,489,629,36
341,435,472,477,562,33
343,422,458,473,531,38
341,412,441,444,493,70
341,392,432,415,474,80
337,380,416,364,478,70
331,359,406,377,616,70
329,344,396,383,718,70
323,334,388,397,835,66
316,321,384,387,692,77
306,308,377,385,667,76
295,293,377,412,719,79
