\x00\x00\x00\x00\x00\x00\x00X axis acceleration,Y axis acceleration,Z axis acceleration,Bicep signal,Shoulder signal,Pectoral signal
352,342,441,307,171,208
340,344,421,447,170,147
339,335,411,481,139,109
335,335,401,506,163,91
328,354,384,505,167,90
322,376,378,493,145,70
318,391,370,527,174,70
319,410,378,485,192,73
317,439,382,472,229,74
325,469,386,454,224,78
329,472,389,461,227,61
325,455,380,425,236,53
319,432,379,413,258,48
322,404,381,390,236,48
326,390,384,385,209,42
330,374,387,349,191,54
329,355,389,274,169,89
330,338,396,200,168,107
334,320,405,295,164,99
338,326,422,321,145,110
349,320,437,380,123,139
359,330,452,438,148,142
364,338,454,586,141,118
366,351,459,394,166,163
373,346,464,412,174,151
382,360,472,471,171,182
366,355,446,436,167,231
366,357,465,345,170,287
359,355,442,396,188,303
350,351,431,438,207,252
340,347,410,389,204,320
348,353,402,424,261,307
340,358,391,530,268,308
330,371,378,579,299,259
321,385,366,517,323,220
319,423,375,481,407,198
321,453,386,469,407,199
324,471,393,437,438,197
323,458,386,443,454,187
317,434,376,401,462,240
320,415,375,435,501,243
323,394,380,397,508,229
327,368,385,361,529,277
329,351,389,323,492,260
331,338,400,203,479,277
336,329,415,307,449,290
344,317,426,314,445,314
352,323,447,400,424,314
361,319,448,455,411,317
361,317,452,461,391,312
360,315,457,405,388,276
380,336,466,403,392,271
380,333,462,408,364,251
367,328,435,407,375,281
359,338,435,416,363,247
355,338,427,437,388,317
351,337,413,440,387,277
348,355,401,478,361,286
341,375,396,540,373,293
336,387,391,529,386,288
327,401,387,497,371,269
322,432,393,470,360,262
319,457,403,425,384,255
325,467,412,433,356,253
324,452,404,406,366,265
314,433,392,424,350,296
318,410,389,384,369,292
321,385,387,330,320,284
323,362,385,194,301,258
322,339,389,217,276,296
326,311,404,309,323,356
331,312,422,347,288,316
339,303,441,390,273,372
351,314,456,424,280,331
360,309,465,555,276,361
358,318,458,431,238,304
371,326,465,405,198,330
371,334,468,383,167,345
357,332,448,370,141,335
347,327,433,402,136,332
342,343,426,431,163,318
332,349,404,514,156,298
328,375,393,540,158,261
330,384,385,520,170,219
326,411,384,496,189,183
319,444,387,481,196,157
317,475,394,446,224,142
314,469,393,420,219,130
306,448,384,408,210,118
308,421,379,371,193,112
309,389,381,360,172,123
314,369,384,259,159,162
316,344,387,245,174,155
321,323,399,287,195,172
327,313,415,322,179,203
331,310,434,415,184,166
341,299,452,524,159,140
357,313,469,508,219,126
363,325,472,412,254,131
365,326,469,459,286,141
375,331,475,531,270,155
366,339,463,514,281,234
357,334,456,452,254,241
346,347,437,409,253,236
343,344,422,304,239,220
337,352,406,298,261,202
337,383,390,407,257,181
336,382,385,505,241,171
324,424,382,544,230,178
323,464,389,522,244,195
320,486,396,479,227,210
316,492,392,430,215,229
304,452,378,374,211,240
307,425,375,381,195,258
314,396,378,338,198,305
321,369,381,316,198,320
326,332,388,156,196,315
331,310,405,257,215,307
338,298,430,319,208,303
346,287,453,386,215,256
358,299,467,559,214,262
368,307,468,498,250,239
372,313,468,437,229,256
389,321,466,361,240,248
384,324,458,355,249,262
368,318,440,358,239,254
353,329,420,404,238,250
345,347,416,405,256,247
339,356,399,464,244,232
340,388,393,558,237,213
334,416,391,499,230,196
326,434,385,524,227,188
316,454,389,497,239,188
315,474,397,486,243,201
312,460,391,443,231,179
304,436,382,416,222,171
311,410,380,366,199,155
316,387,383,300,194,151
322,362,384,182,182,161
328,340,391,209,184,216
332,313,406,254,162,248
335,299,433,304,164,234
341,288,456,363,178,206
354,286,467,470,152,160
359,303,471,501,161,207
370,298,470,477,169,212
384,310,475,476,162,181
381,317,468,474,162,225
370,321,456,359,149,246
353,323,432,413,165,237
343,333,422,384,178,210
341,357,407,379,250,181
335,364,391,418,224,134
322,393,379,528,191,102
321,420,383,583,186,98
316,456,391,554,168,113
318,493,403,508,181,211
315,480,399,472,187,430
304,448,384,457,193,571
307,418,382,419,216,589
315,387,384,414,194,613
321,368,385,320,179,625
322,340,392,176,159,624
327,305,409,174,197,582
329,289,428,258,184,565
328,274,451,312,222,530
343,260,469,431,185,426
350,281,481,546,244,440
357,282,470,451,229,380
378,291,472,439,193,416
380,298,459,478,168,398
371,304,441,474,162,378
356,310,427,423,142,361
348,315,416,347,170,381
337,329,400,380,157,368
329,346,384,452,159,329
324,385,385,519,146,290
316,421,392,538,180,262
313,478,410,540,208,204
321,498,424,516,235,554
316,487,415,490,272,981
300,458,394,471,241,982
304,420,390,399,250,981
314,397,390,406,210,981
321,374,387,264,198,981
330,333,387,178,250,981
333,302,397,229,220,981
337,277,418,236,225,981
344,267,443,316,210,982
365,247,460,429,258,981
370,283,471,556,245,981
385,284,471,521,217,981
397,295,464,419,240,892
394,305,462,455,216,868
380,308,447,502,170,753
363,329,434,439,178,666
353,335,415,354,212,555
343,368,407,379,166,431
341,367,392,440,180,324
318,405,384,528,197,245
303,446,394,525,203,222
299,465,401,535,209,338
298,485,408,518,221,609
299,460,399,510,216,888
294,438,390,466,199,980
301,413,388,395,193,981
314,384,387,400,197,981
325,354,388,232,210,917
340,324,399,144,226,833
347,318,407,240,185,787
350,286,418,334,180,726
361,264,438,371,185,636
364,284,460,479,176,640
362,281,455,473,210,585
384,288,471,372,217,607
395,297,475,457,183,630
384,299,453,459,176,613
370,298,448,488,180,561
356,306,430,442,153,525
344,312,421,401,164,406
330,343,402,408,157,306
336,377,397,417,137,241
322,387,393,543,194,194
300,430,385,515,219,149
293,477,395,526,220,118
319,493,417,493,224,159
320,478,407,515,217,287
298,456,387,443,195,367
303,416,384,424,203,396
315,385,383,366,178,349
322,359,385,244,172,286
330,328,386,175,155,337
337,276,404,207,185,283
335,270,429,363,234,237
340,260,444,377,203,246
359,221,475,477,164,193
348,278,469,509,182,218
366,272,460,408,170,256
387,288,470,411,147,288
380,291,449,422,183,321
370,309,439,482,171,281
355,322,423,443,160,212
340,322,408,384,130,182
327,357,396,431,160,164
327,390,393,464,208,153
318,428,395,538,169,112
310,470,406,513,164,84
315,498,418,509,187,78
309,490,415,470,172,87
295,457,393,443,177,128
293,432,384,389,149,133
301,396,380,411,151,128
309,377,384,325,127,122
322,347,384,280,169,161
328,329,389,135,213,236
339,298,400,222,190,239
342,290,418,340,233,200
348,283,437,410,218,222
359,273,457,539,204,194
360,285,462,399,206,159
370,291,471,423,172,181
391,307,481,391,178,219
390,310,469,480,159,187
379,316,456,432,139,168
366,312,444,446,158,221
350,318,431,443,141,276
340,336,414,405,170,241
334,340,401,485,174,253
329,368,389,486,201,211
322,402,389,526,277,170
320,428,392,465,264,128
307,457,403,480,250,125
301,477,409,449,203,115
306,464,403,465,228,175
300,439,392,419,185,213
301,418,387,387,168,214
309,384,384,395,153,179
317,361,384,324,147,174
324,340,386,310,163,224
330,305,395,273,158,293
334,282,409,342,215,264
333,281,427,363,200,225
336,266,448,405,184,283
350,272,473,531,203,239
355,293,472,422,203,230
365,298,474,391,173,193
375,304,468,363,178,222
367,304,448,397,160,217
355,310,438,410,160,210
342,314,421,432,198,194
328,326,406,488,164,198
330,343,397,480,172,212
330,364,390,478,213,176
318,402,385,470,236,139
311,429,390,467,215,109
308,468,409,446,198,99
312,487,417,466,215,113
308,468,404,439,186,97
300,436,388,439,157,120
305,406,386,397,134,112
313,381,386,408,142,148
322,358,387,340,147,195
327,341,393,214,162,230
334,302,401,295,131,245
333,291,414,318,152,255
336,276,434,382,146,283
348,261,456,426,123,243
351,287,469,480,154,194
355,291,464,418,147,167
369,300,471,404,154,154
373,310,464,432,182,155
367,314,447,428,180,128
357,326,435,437,209,103
345,333,423,428,184,104
337,338,413,413,168,103
336,343,400,405,136,108
330,367,389,453,137,118
322,403,392,468,185,126
326,439,401,486,201,139
323,472,421,490,252,133
319,484,428,446,245,190
315,465,411,454,258,250
306,441,395,392,251,290
311,410,391,430,271,319
314,381,390,329,275,308
318,354,388,180,299,356
319,327,393,216,286,329
320,300,409,300,285,301
324,273,429,361,275,331
329,266,452,389,317,333
342,264,471,551,338,389
349,277,471,485,360,324
361,287,471,461,330,291
370,299,460,456,301,321
368,305,446,474,252,342
355,313,432,441,289,318
341,322,412,392,244,277
336,336,403,386,239,252
334,351,392,395,231,296
331,367,384,439,234,284
326,396,388,454,263,280
330,441,405,499,217,267
329,469,421,464,226,253
325,480,423,462,222,247
317,451,408,438,200,278
312,424,396,368,185,284
316,392,390,384,199,271
321,371,390,288,197,243
324,349,390,240,183,229
327,326,393,176,157,248
332,292,401,330,126,245
338,270,419,317,202,271
342,262,447,313,231,210
348,273,464,476,204,216
353,280,470,507,223,213
365,284,467,492,195,221
377,294,460,499,166,195
372,306,444,478,161,214
363,322,434,448,193,249
352,325,419,417,215,221
342,345,411,375,179,202
344,355,397,353,191,188
331,376,388,401,192,181
327,409,388,408,176,180
327,436,394,444,185,207
314,471,409,433,214,198
309,474,412,507,179,226
307,453,403,492,183,235
302,430,390,496,198,262
307,402,381,431,192,268
312,378,384,380,229,272
321,357,386,251,222,220
324,344,389,138,233,241
330,320,398,371,308,214
332,313,408,374,270,186
330,307,426,407,262,172
341,308,444,443,289,137
346,305,454,496,298,153
352,310,466,461,312,141
361,321,470,417,297,141
365,329,468,461,315,125
368,332,466,454,316,222
364,333,456,455,317,207
354,336,448,393,294,176
343,342,437,390,299,156
333,345,419,397,329,118
327,349,398,429,361,115
324,373,384,477,359,103
319,404,387,476,348,92
312,444,394,470,337,92
308,472,407,454,316,87
306,483,417,482,356,84
305,472,404,437,373,109
299,447,387,436,314,143
306,412,382,391,324,146
312,385,383,387,298,114
318,364,384,284,292,116
323,340,390,265,269,152
323,318,395,307,248,181
328,300,408,337,263,187
327,290,426,416,259,190
332,289,444,476,256,169
343,284,458,508,320,151
351,297,468,364,273,158
360,305,470,414,254,183
366,310,462,406,227,214
372,316,459,426,227,208
367,323,447,441,212,202
355,325,431,416,283,218
346,321,417,400,249,186
333,335,401,381,243,155
330,357,390,432,242,148
327,368,381,466,240,135
320,409,386,497,225,126
321,437,395,482,255,129
313,479,405,462,282,142
313,495,411,462,265,163
310,472,398,419,237,191
302,437,386,436,215,233
310,408,385,380,188,236
319,382,385,357,192,250
324,360,386,225,203,288
331,327,392,308,183,363
333,304,405,398,247,362
334,289,418,380,244,408
335,273,443,428,224,440
339,279,460,532,228,419
341,286,461,492,216,369
359,302,483,370,231,347
375,320,491,449,272,345
369,323,465,450,216,314
359,331,452,423,191,300
348,335,441,460,198,298
333,334,422,392,200,309
323,344,403,415,239,327
328,353,388,414,228,336
333,373,387,458,215,338
319,393,383,447,275,317
310,430,385,457,258,290
306,464,400,452,240,252
303,488,414,420,271,324
301,475,405,426,232,338
294,445,390,389,211,323
302,408,387,411,201,311
310,386,390,378,215,309
320,360,390,365,210,307
327,332,396,205,238,320
334,302,405,279,211,327
335,288,424,344,202,265
337,278,438,365,196,245
344,270,456,443,185,218
350,280,467,457,214,238
362,285,467,401,217,199
377,295,466,389,180,268
384,308,459,400,167,230
372,307,442,437,187,292
362,301,429,410,187,321
348,317,411,432,198,321
343,342,403,467,225,298
342,357,392,499,241,337
333,379,383,458,253,334
329,384,380,476,286,317
321,422,386,453,274,316
320,453,395,470,297,320
323,480,399,456,335,310
320,457,393,447,301,346
317,431,386,411,271,357
320,409,385,368,271,354
323,380,384,357,228,360
322,364,383,166,205,344
322,343,388,264,233,302
320,320,397,363,210,263
320,310,411,393,186,273
323,306,428,444,206,259
330,310,443,472,218,302
340,317,463,476,225,287
353,329,471,457,280,264
361,333,472,480,261,231
370,344,476,477,300,298
372,354,470,504,290,300
359,358,455,464,267,295
351,362,445,381,243,319
344,365,436,342,194,297
335,361,419,338,257,358
328,370,396,437,288,378
326,375,382,445,246,365
318,388,374,463,304,343
307,436,386,448,325,325
305,471,402,471,326,289
307,486,404,460,370,282
303,468,394,440,393,291
302,438,382,414,373,325
308,409,382,370,374,314
318,377,383,388,374,369
324,358,386,314,347,336
327,335,394,230,330,356
330,308,406,317,353,362
331,299,420,339,416,286
331,282,432,376,345,285
335,275,449,405,330,315
336,284,461,426,307,295
342,288,459,409,325,317
352,303,462,408,315,315
355,307,452,421,325,351
353,312,439,407,310,318
347,314,427,416,302,332
340,315,413,436,299,340
332,325,403,440,322,334
338,341,399,481,294,285
335,369,395,497,312,260
324,391,395,474,301,213
322,422,404,478,281,167
330,461,426,455,276,148
329,459,426,444,245,136
322,439,412,426,221,195
318,409,400,402,243,240
324,384,395,400,219,223
325,364,392,331,185,220
327,345,390,281,177,195
328,325,394,269,173,195
329,307,404,348,140,258
329,288,415,361,200,238
330,280,438,407,175,183
333,276,452,464,165,157
333,279,455,457,189,170
342,286,465,393,182,157
349,294,464,373,199,190
357,300,453,405,214,154
355,304,439,395,215,135
353,315,430,422,192,148
349,321,419,428,196,166
344,324,412,436,196,131
335,338,399,488,219,142
325,361,390,501,268,138
327,378,386,476,231,117
323,413,390,451,234,101
321,455,403,453,261,103
323,484,414,442,254,95
324,480,414,454,313,90
317,452,397,402,254,100
306,421,389,415,213,84
313,393,388,363,198,98
319,371,390,343,201,86
321,353,390,203,215,151
327,327,393,263,183,256
331,301,414,369,165,236
331,294,428,403,228,329
334,274,447,479,204,312
337,272,459,532,243,247
343,282,466,484,207,218
350,295,470,425,230,190
363,302,467,434,263,191
366,311,457,458,315,145
360,315,442,438,300,132
351,329,431,389,285,115
341,337,422,442,298,104
337,340,413,458,351,93
331,352,400,446,368,96
325,367,390,458,339,88
322,388,389,433,361,70
318,412,396,440,343,65
315,440,405,407,414,77
314,464,415,429,376,97
315,466,415,389,318,95
313,448,404,421,305,87
312,426,397,378,290,86
317,401,391,379,272,100
317,378,392,299,242,136
322,354,392,201,248,144
324,336,393,311,236,183
324,309,406,419,225,168
329,287,418,432,254,225
327,273,444,495,270,189
335,275,470,519,302,211
336,280,469,396,273,184
345,284,464,418,314,219
364,293,468,450,325,234
368,300,458,489,292,189
361,311,439,402,275,144
353,317,427,433,265,167
340,324,415,414,267,148
329,332,399,442,277,108
328,356,399,503,338,85
333,373,397,480,315,82
328,403,397,473,295,74
325,434,401,441,291,133
322,470,420,438,340,133
318,476,429,407,303,99
313,465,416,448,247,106
304,431,399,397,237,83
308,401,396,414,193,81
316,378,392,330,186,97
321,353,390,269,157,133
327,325,391,217,141,198
328,299,405,365,117,215
332,281,424,435,204,185
336,268,439,475,166,166
342,261,459,543,188,176
344,270,456,476,259,184
353,282,463,396,291,165
370,294,464,390,264,160
377,300,453,465,247,154
368,303,434,465,252,139
357,313,425,462,279,108
342,318,409,411,283,131
334,333,403,443,298,123
336,351,396,475,289,119
331,371,390,455,310,136
322,396,393,459,309,133
318,431,407,415,261,106
323,474,432,449,295,97
327,485,433,437,306,150
323,461,413,454,251,144
311,425,395,405,242,152
316,402,396,397,199,143
324,376,395,323,199,115
329,361,393,191,207,159
333,338,394,248,189,159
333,314,403,352,214,231
335,294,418,420,183,241
337,284,437,477,157,217
343,280,457,516,145,237
350,285,463,450,176,214
359,293,469,410,233,203
369,298,466,450,216,191
380,306,464,402,186,207
376,313,451,433,198,197
369,323,441,399,204,224
358,322,430,437,197,240
347,335,420,433,254,236
341,331,410,478,224,244
337,356,406,487,211,223
337,380,403,467,204,175
329,406,397,451,227,128
327,440,402,428,221,97
331,462,416,448,220,89
328,476,421,393,219,90
323,455,410,415,187,99
314,422,393,366,186,95
319,404,393,386,169,101
326,381,391,316,154,104
331,359,391,254,193,101
334,334,393,229,160,189
339,306,398,354,171,222
339,288,418,411,153,215
343,277,431,471,158,231
348,257,451,477,187,215
351,273,467,562,208,292
356,287,459,465,284,228
372,297,470,444,235,215
378,307,458,436,208,179
375,312,444,463,181,209
367,320,436,445,202,173
358,323,423,356,193,176
348,334,415,407,193,163
344,351,408,439,209,139
337,352,397,460,223,119
325,368,392,463,255,107
320,394,390,441,256,119
314,426,400,445,243,98
311,459,412,423,229,116
316,476,422,434,210,107
315,457,411,426,187,93
307,425,396,417,160,82
313,396,392,393,150,75
324,374,390,382,164,65
330,359,390,340,157,142
339,333,392,261,169,176
342,307,402,303,157,252
346,274,416,344,153,272
352,259,439,391,147,234
350,259,459,448,199,220
354,266,472,612,204,222
367,275,476,479,209,233
379,289,472,391,211,259
379,295,449,424,211,236
373,307,441,456,208,270
359,307,420,432,216,223
346,320,415,411,213,215
337,336,403,432,293,186
337,355,396,394,257,141
335,379,390,381,249,133
329,410,392,376,273,107
331,452,405,421,272,86
335,481,419,471,335,80
335,484,417,482,287,86
322,460,403,453,240,107
318,412,395,404,204,92
321,388,393,402,212,87
324,369,393,352,172,111
329,344,392,298,157,147
332,319,398,239,189,253
340,287,410,343,167,310
345,276,426,387,167,468
349,272,445,448,166,694
353,269,454,650,206,825
362,280,463,480,171,981
372,285,465,351,196,955
383,295,462,413,229,887
383,308,456,456,188,780
373,315,443,474,228,709
360,314,430,465,187,521
349,326,422,450,204,434
340,334,409,438,191,391
333,349,396,437,252,300
330,374,388,438,229,234
323,399,388,435,250,194
328,442,399,417,239,170
331,465,413,437,258,235
331,483,416,426,289,249
325,458,403,438,234,239
318,428,394,395,216,264
324,396,394,394,203,248
327,374,395,361,186,282
332,347,397,300,195,289
335,320,402,303,183,279
341,287,416,320,195,316
345,281,437,396,198,260
349,278,454,488,175,278
351,284,459,507,208,263
362,290,473,406,191,265
371,298,472,419,180,281
375,305,464,408,175,340
367,310,446,429,178,307
357,313,434,447,177,375
345,322,417,409,209,371
340,332,411,417,251,317
331,348,398,451,272,378
330,362,390,472,283,337
333,387,387,446,260,264
337,425,397,436,270,229
340,458,409,425,268,736
342,480,420,425,241,981
339,460,412,445,266,980
326,425,401,403,268,982
327,397,397,408,225,981
327,376,396,373,196,982
330,355,394,346,206,980
333,335,397,313,191,981
336,307,400,278,167,982
340,294,412,346,230,982
343,277,427,380,185,982
351,264,446,522,160,981
353,280,463,424,167,981
363,288,467,390,179,981
374,300,471,366,200,980
381,309,459,411,218,922
374,321,453,439,209,835
361,327,433,369,182,704
350,329,423,420,212,612
338,336,407,451,184,502
336,345,393,485,225,417
334,360,389,489,214,312
333,387,388,462,212,246
336,438,403,448,273,191
342,471,419,430,228,174
340,480,423,422,179,254
332,458,408,407,180,233
325,419,398,412,212,233
327,395,396,380,170,250
329,372,395,374,191,226
335,344,395,319,181,229
337,326,397,273,196,192
343,307,407,339,184,176
351,287,422,370,207,189
359,274,437,472,251,244
367,283,454,498,297,204
372,291,460,403,254,255
382,290,467,394,247,260
388,304,468,448,267,295
382,310,455,461,231,314
372,316,444,452,228,267
358,321,424,433,252,201
348,333,414,449,260,197
346,347,402,446,231,193
342,362,393,436,193,182
339,387,393,463,243,184
342,414,397,441,267,229
338,444,402,445,283,264
341,479,415,424,295,278
339,471,414,418,299,345
328,439,401,412,298,367
323,405,395,385,302,343
326,381,395,392,287,407
331,361,393,349,274,451
335,342,393,325,270,428
340,316,396,275,263,444
346,295,406,346,272,455
353,282,421,441,269,401
359,267,437,664,233,345
362,269,454,488,291,301
367,277,459,370,304,307
379,283,461,412,264,264
385,294,455,412,227,243
379,299,441,425,212,316
372,308,432,458,279,294
357,313,423,496,239,262
345,322,409,451,267,298
338,329,397,404,289,328
336,353,390,412,242,375
336,385,394,409,293,397
331,424,397,406,313,419
339,467,409,403,316,436
340,482,422,417,307,521
335,484,421,410,286,589
324,448,402,387,297,644
321,411,396,389,296,684
326,385,395,356,276,694
328,363,393,352,228,665
329,344,393,283,205,574
335,316,400,309,215,555
339,295,411,348,228,508
343,284,422,410,213,489
348,274,441,542,184,452
356,277,459,443,204,398
365,284,464,369,224,341
380,295,469,398,237,303
392,308,467,440,272,329
390,312,452,420,253,322
381,313,442,402,262,376
366,324,431,429,230,355
353,329,420,410,252,344
341,336,404,442,213,392
337,354,395,458,188,404
337,377,394,461,217,398
340,404,394,428,209,402
332,440,401,435,250,393
332,469,413,403,210,379
331,469,417,430,189,400
328,452,412,420,203,398
327,420,401,398,176,410
331,387,395,380,142,433
332,366,393,317,137,427
335,347,391,265,152,353
338,325,394,296,142,359
339,307,399,373,144,312
343,289,409,408,162,272
345,271,428,461,174,341
349,277,448,483,239,305
360,292,464,376,253,262
374,304,473,460,248,260
385,314,468,447,334,311
387,321,460,478,305,308
376,327,446,440,301,293
368,329,437,472,307,227
361,330,430,450,351,226
352,334,416,407,344,211
344,339,400,414,322,201
338,351,390,437,315,208
333,373,388,431,299,188
338,416,400,430,290,167
339,456,417,459,265,194
335,478,427,438,299,268
332,469,424,452,306,347
321,439,405,420,234,315
319,398,396,376,195,268
324,361,392,386,220,209
325,343,392,331,186,208
328,320,393,309,166,179
332,300,398,295,168,197
337,278,409,348,170,236
342,269,429,401,217,219
348,273,449,474,258,249
356,283,458,525,377,252
365,288,462,472,349,230
376,296,462,420,323,238
383,306,456,393,280,262
375,312,441,456,286,199
363,317,435,449,247,193
353,320,423,459,242,166
340,323,411,442,341,138
331,334,398,392,287,123
326,347,390,397,281,158
327,375,395,405,302,144
329,404,400,416,314,137
326,442,415,399,314,124
333,474,431,442,264,117
332,477,431,422,284,126
325,443,413,434,275,146
324,402,405,395,255,147
329,376,400,367,215,131
331,366,400,358,229,173
331,341,397,286,199,170
338,307,400,297,230,140
338,290,409,340,225,213
339,273,423,384,229,233
337,273,437,450,209,196
340,265,448,556,202,203
347,271,462,555,194,208
353,284,461,446,203,174
364,297,461,437,235,163
366,304,448,418,232,144
358,313,435,452,217,115
348,316,423,418,211,111
340,323,416,448,302,112
336,332,403,432,335,99
333,341,396,453,400,86
330,367,396,445,400,78
326,397,400,429,395,71
320,423,409,409,347,69
316,453,425,416,391,92
317,458,428,416,352,100
316,449,422,434,357,87
316,424,411,407,297,78
319,397,405,378,253,79
324,377,403,360,239,92
326,358,404,312,202,135
327,339,405,289,193,166
329,310,408,340,261,155
329,286,414,392,230,155
326,270,423,399,201,148
330,248,432,608,178,164
329,265,451,546,285,184
339,278,457,483,227,170
347,284,454,433,195,167
349,295,447,433,208,184
345,301,431,425,192,175
340,304,422,410,215,156
333,313,410,429,199,155
327,315,398,435,234,121
323,327,395,485,266,102
324,350,397,440,278,84
317,372,397,443,302,92
313,397,406,421,262,104
311,434,423,412,279,109
314,452,436,413,275,102
316,450,431,389,271,90
319,423,418,407,227,73
322,397,410,385,188,64
328,377,405,383,212,58
332,364,404,363,189,84
333,347,403,312,181,133
334,324,403,286,170,160
334,306,408,351,224,161
333,289,414,364,208,274
329,280,426,423,279,221
325,279,439,554,230,177
325,282,448,512,227,175
327,286,453,485,249,160
332,293,453,448,280,160
334,301,446,445,281,140
336,309,436,419,271,120
335,316,426,422,285,97
336,322,420,410,289,103
333,331,411,419,264,88
327,341,402,418,253,76
326,366,400,446,267,69
326,388,402,425,258,62
324,414,406,427,269,65
319,444,415,395,276,62
320,462,423,398,235,66
320,457,421,366,254,62
317,433,408,380,242,95
316,402,400,345,197,114
320,380,400,381,221,88
322,365,398,351,238,96
326,349,400,352,206,92
327,333,404,309,206,122
330,318,411,375,209,113
333,307,423,428,208,118
333,301,434,523,217,150
335,297,447,517,232,144
337,293,451,429,204,161
339,301,453,422,204,164
343,307,452,397,212,152
348,310,447,418,173,173
347,316,434,427,251,144
342,325,423,408,229,130
338,334,417,423,270,113
332,343,409,412,266,103
329,362,403,441,267,118
326,379,401,434,256,117
324,400,401,448,290,97
319,428,406,423,287,80
317,450,414,425,253,74
317,452,419,393,214,67
316,435,411,405,190,66
310,412,402,383,172,79
317,395,401,397,154,68
323,379,402,367,139,71
327,368,402,366,159,91
333,349,401,279,148,77
336,336,406,306,140,149
340,318,410,341,137,165
345,305,420,391,130,132
347,301,434,448,138,125
345,297,436,518,136,106
344,297,444,466,160,123
347,300,447,430,155,127
351,312,447,456,174,116
353,318,439,458,240,103
348,323,423,439,220,125
348,337,426,420,208,95
346,345,415,444,236,83
343,358,411,400,267,73
342,365,405,426,217,62
339,379,404,430,204,55
334,394,405,432,210,49
334,405,407,418,203,57
327,418,410,417,182,54
324,436,417,392,167,53
321,431,417,399,156,43
319,422,415,384,162,33
321,409,410,400,153,33
325,392,407,379,137,40
331,375,402,363,120,80
330,359,401,277,151,128
338,342,401,310,140,164
341,323,406,338,144,197
346,312,416,400,157,182
355,309,428,448,221,144
362,307,434,416,204,136
365,313,443,411,204,134
371,315,446,388,260,112
377,321,451,419,256,107
376,330,450,408,262,103
368,333,444,430,244,104
357,333,437,424,227,97
352,340,441,414,182,101
343,333,424,408,203,98
336,334,414,452,204,103
330,345,410,486,196,103
329,348,401,475,193,107
331,376,403,458,191,81
334,407,407,429,221,63
335,437,414,437,219,54
336,461,422,427,251,64
335,458,419,431,203,66
331,438,409,397,188,53
326,416,399,405,179,48
326,390,393,378,186,44
327,372,391,373,157,51
327,354,388,340,199,45
327,340,390,260,162,93
332,319,396,273,169,188
334,301,408,320,184,178
342,288,432,362,146,156
338,298,439,397,169,141
352,301,463,490,187,178
357,303,452,485,190,157
370,316,463,438,248,164
376,320,448,355,202,156
373,326,441,450,228,171
365,329,433,470,267,173
361,329,431,432,276,191
352,324,416,376,280,246
343,337,415,421,307,246
338,342,404,428,287,200
334,364,403,473,270,159
332,388,402,466,306,122
330,412,406,462,287,104
328,444,417,449,239,88
329,454,420,422,227,71
327,442,415,423,246,62
324,417,404,397,216,56
325,400,400,393,199,48
328,381,398,367,193,63
332,365,397,367,176,114
333,342,398,333,174,142
338,321,404,277,160,146
342,309,418,324,164,195
343,293,427,387,149,204
346,287,446,520,197,176
347,290,453,473,190,168
350,294,454,380,169,200
361,297,453,369,222,177
368,307,451,457,213,149
365,314,438,461,193,155
358,316,429,471,174,160
351,326,420,484,237,147
344,327,413,465,249,184
345,341,408,439,294,148
339,354,404,443,250,116
335,380,401,425,264,93
336,411,405,408,235,86
336,436,412,402,217,74
337,463,421,389,211,78
338,465,419,400,171,68
334,442,410,384,184,69
329,419,398,381,170,55
334,395,394,358,178,72
336,377,392,357,154,71
339,357,389,314,144,66
343,340,393,271,172,123
345,320,398,316,167,110
352,305,413,378,159,98
353,305,427,454,133,109
354,309,444,482,143,100
358,310,451,420,214,113
363,317,461,457,218,101
370,324,458,526,260,87
372,334,458,526,239,89
367,339,449,498,261,85
360,339,434,463,233,71
355,344,434,416,232,63
352,350,423,406,230,51
346,357,416,407,256,41
341,370,409,421,263,51
338,372,401,413,232,48
334,391,399,406,206,50
328,408,399,396,191,41
320,440,404,407,180,39
321,465,412,404,206,44
324,460,412,419,165,60
321,447,401,397,143,67
319,430,396,406,127,55
327,401,388,371,108,56
329,376,381,345,123,60
335,372,386,290,135,127
342,355,391,256,125,136
343,332,397,304,128,133
348,312,411,327,118,117
350,302,427,377,123,109
352,306,440,429,148,104
352,308,443,472,269,111
361,316,457,431,312,141
365,323,452,502,261,143
368,331,449,518,234,131
361,341,437,513,251,131
352,345,427,468,203,138
346,362,426,438,225,162
342,370,420,425,248,165
341,384,417,381,236,162
338,410,415,397,267,160
336,433,418,401,249,165
332,453,423,439,254,176
325,461,425,437,238,166
319,446,415,428,250,134
316,423,405,400,219,120
322,407,400,372,242,93
327,387,397,341,217,73
333,366,393,256,208,107
338,345,393,294,209,179
347,326,399,294,237,192
356,310,410,328,221,199
361,297,422,348,226,167
364,293,438,467,218,162
360,297,439,494,226,166
366,301,446,407,236,159
371,307,450,433,259,139
370,313,441,414,246,124
361,317,430,441,263,112
354,325,427,414,273,118
346,323,413,413,324,111
340,329,412,367,308,103
336,340,408,424,326,94
334,355,405,464,303,79
333,384,408,452,296,65
336,414,411,451,262,73
336,444,419,476,274,101
337,458,425,450,259,141
331,446,418,401,240,142
326,415,407,403,214,124
327,392,399,344,244,122
328,370,396,358,241,116
330,352,399,259,204,119
333,329,399,277,225,149
336,311,407,359,193,128
339,295,421,360,183,119
341,284,435,403,199,128
339,284,447,444,246,111
339,283,448,507,235,125
347,285,452,439,238,149
353,292,447,421,266,138
355,295,435,403,258,145
353,299,423,463,275,128
347,306,416,432,238,111
340,310,406,416,282,100
332,321,399,436,298,93
330,343,399,432,287,93
336,367,399,427,287,97
336,394,406,435,305,95
336,430,418,473,326,110
340,456,432,459,327,111
339,455,432,475,304,122
332,434,421,409,303,110
326,403,409,452,275,88
324,382,404,349,316,79
323,359,399,357,289,106
324,338,401,284,256,139
329,320,409,252,274,166
336,302,424,385,298,139
338,292,436,419,298,173
340,295,447,447,292,135
344,290,447,449,317,179
351,292,456,510,373,143
358,298,457,398,357,150
362,306,451,492,416,175
361,304,435,493,390,138
354,307,427,446,358,131
347,311,419,424,308,104
338,317,408,401,321,87
330,335,404,399,335,77
331,352,401,369,323,85
327,376,403,421,377,75
324,412,409,455,404,79
328,445,417,487,382,95
327,457,422,453,339,93
320,450,417,432,326,88
315,423,404,380,293,78
314,399,396,392,254,68
319,385,394,359,242,73
322,371,394,378,256,123
325,354,396,322,247,158
330,338,400,346,245,155
332,324,407,312,227,177
336,310,419,377,220,195
339,297,428,405,268,214
343,285,446,457,242,193
347,281,456,468,237,173
350,286,461,406,209,173
357,291,459,457,234,221
367,299,457,454,293,199
370,305,444,460,302,179
363,311,431,387,265,155
353,317,423,427,274,143
339,326,410,423,338,112
335,337,401,428,281,96
333,354,399,475,292,86
333,387,400,474,277,84
334,429,406,448,257,105
335,465,414,448,245,114
334,482,420,439,294,123
326,458,410,389,222,120
318,416,399,412,206,146
321,398,396,354,184,129
325,374,395,340,159,130
328,351,397,171,128,171
333,325,402,280,187,176
336,311,416,408,173,235
338,293,428,435,250,252
341,283,447,480,249,229
346,278,457,501,303,186
349,279,450,519,266,174
362,286,456,480,307,142
373,298,458,479,269,155
377,303,445,483,282,158
368,305,427,462,274,190
356,311,421,437,343,198
344,320,408,406,310,213
337,329,401,403,327,219
336,348,398,433,350,206
337,366,397,452,348,205
333,405,405,448,325,185
336,433,414,469,311,161
335,462,429,439,332,147
332,459,428,418,322,122
326,438,417,417,262,121
321,406,405,371,272,134
326,381,403,386,221,146
330,362,399,328,243,146
336,340,396,309,230,146
338,313,397,284,201,159
345,293,406,387,270,176
349,280,422,414,260,160
348,268,429,442,234,151
346,273,442,559,284,139
356,271,453,488,302,189
362,281,455,458,290,228
371,286,454,456,313,283
365,296,442,484,297,321
353,301,431,466,343,356
344,313,421,450,367,314
338,332,414,442,361,309
337,350,406,419,376,299
336,369,400,428,386,284
333,394,400,418,324,287
332,404,401,422,352,269
329,434,412,375,351,276
329,460,423,413,284,681
329,463,426,381,284,883
323,441,414,420,234,880
321,410,406,381,244,774
327,389,405,376,189,556
334,367,401,330,184,405
339,345,397,172,166,331
345,322,402,349,209,353
351,300,408,383,230,287
356,292,418,432,216,294
359,279,434,603,286,259
361,282,444,482,250,243
362,285,450,486,314,240
365,289,455,465,255,237
378,302,456,469,232,230
375,309,443,447,215,285
366,312,431,434,167,299
356,323,419,406,157,305
351,330,412,430,190,336
345,333,400,433,164,351
339,348,395,433,183,350
339,370,395,425,186,338
340,398,401,432,230,350
339,436,412,430,261,352
338,453,420,404,275,344
333,457,420,427,277,370
328,434,410,375,235,399
323,404,403,392,200,410
328,386,400,353,190,383
332,370,398,342,173,385
335,347,397,264,216,325
342,323,401,306,312,385
348,304,409,402,271,383
351,290,424,411,233,309
348,284,433,469,208,262
352,290,444,554,312,260
357,297,450,470,244,244
363,309,451,425,208,240
370,318,450,457,209,227
372,321,444,451,197,234
373,326,436,351,184,202
371,329,436,373,198,265
365,328,427,426,191,244
355,326,417,500,215,206
344,329,410,503,213,184
337,336,402,489,206,149
331,352,403,461,206,110
329,378,408,447,244,86
328,405,416,443,228,77
325,423,424,453,248,72
324,425,424,460,228,71
322,417,419,444,222,72
318,396,411,467,224,73
318,381,407,423,230,74
324,372,407,391,275,78
329,364,407,339,248,80
335,356,410,334,269,93
342,347,414,342,246,89
345,338,418,398,274,93
348,328,426,442,246,95
351,320,432,500,258,133
352,315,440,490,230,198
355,312,447,521,221,164
360,307,446,531,235,162
365,304,443,503,264,133
369,301,436,454,258,135
367,302,429,438,246,109
365,304,421,429,235,135
363,307,414,421,227,126
359,309,412,407,278,205
353,315,403,395,277,168
346,318,401,383,248,133
335,329,397,393,224,122
328,350,404,419,243,136
326,384,411,417,296,157
330,420,423,429,300,158
334,445,429,432,235,150
330,451,427,446,286,135
320,434,417,431,249,99
314,414,410,393,223,90
314,398,404,387,231,117
315,373,398,312,188,116
321,351,398,328,195,164
325,326,403,257,192,194
333,301,411,317,182,205
341,284,426,334,176,210
346,277,441,414,187,195
351,276,449,453,222,157
360,283,457,470,180,182
366,293,451,501,227,200
374,302,446,447,195,190
364,307,432,373,177,240
359,315,425,298,210,192
350,323,416,146,226,144
340,331,408,176,246,110
336,347,406,443,241,95
332,365,404,616,224,97
322,398,407,646,217,90
322,434,414,519,196,85
320,452,419,495,195,100
315,473,421,529,191,99
312,455,413,523,174,85
309,428,404,500,157,66
313,407,399,422,169,65
319,388,398,395,191,120
326,364,398,334,178,129
332,342,404,330,205,276
339,312,410,279,201,278
353,289,430,352,216,273
357,283,439,353,209,216
358,285,447,448,198,209
362,286,453,517,247,212
370,285,457,567,250,249
372,297,450,503,233,305
371,298,436,415,227,306
365,300,428,364,217,380
354,311,421,360,223,399
344,314,417,334,243,364
340,327,409,427,272,301
337,345,407,533,263,255
334,370,404,530,252,213
330,388,404,510,285,167
328,412,410,513,250,127
328,437,415,480,214,102
328,447,416,481,235,91
326,438,410,403,186,92
320,416,404,420,201,94
319,403,403,342,182,90
323,391,403,370,164,106
326,374,401,295,165,105
328,350,401,326,175,150
330,327,407,309,153,207
334,309,416,351,164,292
343,287,431,387,164,288
348,288,448,421,204,320
348,290,454,546,258,271
352,292,461,455,216,237
355,293,458,469,198,215
357,303,451,427,236,229
354,311,440,444,286,340
345,314,432,427,273,321
342,322,421,380,278,241
336,333,414,357,243,209
328,348,405,379,260,171
324,365,401,443,257,151
327,384,402,420,250,116
328,408,404,451,245,102
329,437,410,436,244,93
332,447,413,498,233,80
331,448,413,423,239,89
328,433,410,464,184,88
327,414,406,363,161,103
327,394,403,382,180,118
328,373,400,299,162,159
331,349,400,294,163,171
336,322,401,318,180,239
343,300,415,302,216,287
346,296,427,371,178,230
346,286,439,390,176,246
346,287,451,753,231,242
350,291,452,673,216,214
358,297,454,620,230,194
362,306,452,558,237,211
364,313,440,513,203,205
358,317,434,447,226,174
350,322,427,444,242,172
344,335,417,557,218,143
339,342,408,550,235,109
331,362,405,535,252,84
326,382,403,495,255,71
329,408,407,426,225,68
332,435,409,448,247,73
329,446,413,466,248,85
328,445,411,394,251,65
325,428,405,408,224,55
324,410,401,361,237,54
326,396,399,363,220,59
330,385,400,295,224,70
334,362,398,211,226,108
337,343,401,160,219,136
339,325,410,232,260,165
341,315,425,377,235,145
342,307,437,516,220,129
341,305,447,623,269,158
343,304,455,807,297,175
351,302,455,675,268,187
356,305,455,640,363,197
359,313,446,602,317,192
361,318,436,460,371,248
359,328,430,420,384,212
352,336,423,428,429,214
345,338,416,431,385,213
333,345,409,434,417,210
327,358,406,410,424,176
326,375,406,422,388,178
323,401,409,418,403,176
323,433,416,418,336,178
326,452,418,404,321,178
323,456,415,420,372,177
318,437,407,401,352,184
316,415,403,372,315,194
321,399,400,372,365,183
327,387,403,321,325,181
332,357,401,324,314,176
336,329,409,318,304,213
342,304,419,365,329,765
346,297,433,417,280,983
348,287,449,498,287,982
347,292,451,504,259,981
354,289,456,547,363,981
359,287,449,525,301,982
360,297,442,514,347,937
360,305,435,474,320,825
355,307,422,420,351,601
347,318,420,450,401,438
343,334,412,520,358,349
340,346,412,528,398,337
336,371,411,497,385,368
333,399,413,480,435,408
332,426,418,451,379,426
332,448,421,424,330,436
328,458,421,402,280,437
321,443,411,389,269,435
312,420,404,386,240,428
313,406,401,369,224,402
317,388,397,345,213,402
321,366,396,327,180,418
329,339,399,273,166,430
339,304,412,323,264,441
345,291,428,330,261,371
347,278,445,395,252,421
346,277,458,473,284,382
352,280,462,555,256,406
360,280,456,489,235,295
359,293,445,480,226,304
355,298,433,534,256,267
348,313,429,445,232,234
343,312,415,439,225,287
336,317,405,441,293,283
336,327,402,464,247,274
333,343,400,466,260,260
332,366,403,460,303,253
333,395,408,455,322,246
332,429,416,443,325,229
333,448,423,424,298,205
331,452,422,401,304,181
327,442,415,398,293,154
320,420,410,377,311,143
320,406,410,393,332,157
319,382,403,366,271,173
320,367,402,332,240,197
323,346,401,306,238,245
325,326,409,223,271,348
330,307,422,194,274,316
336,298,438,219,284,330
339,292,456,556,329,309
346,296,460,545,319,333
355,303,463,456,348,323
366,300,459,423,355,332
365,302,448,439,314,389
365,308,435,508,328,435
359,310,426,512,378,348
348,325,420,554,367,344
340,330,410,462,360,297
330,336,404,518,340,295
327,358,402,479,325,257
329,388,407,498,327,287
330,407,406,494,311,253
326,427,410,466,284,232
328,444,413,456,299,216
327,445,411,405,244,170
320,434,406,397,209,152
318,410,400,369,209,139
316,388,397,392,224,143
316,371,395,374,193,129
317,354,396,356,170,166
323,335,401,355,208,181
329,317,410,339,200,190
332,304,418,373,264,225
341,286,443,403,316,361
343,283,457,483,293,408
344,285,464,564,342,372
349,288,461,548,340,309
356,304,470,565,357,343
356,314,458,488,307,330
353,322,441,450,246,264
345,327,432,435,293,273
338,336,432,417,257,350
336,338,413,398,258,326
331,344,409,410,272,291
325,366,402,418,351,248
325,384,401,425,364,197
322,426,408,439,433,140
324,453,412,398,336,103
321,475,416,398,275,84
321,465,410,361,279,121
317,439,403,357,228,110
317,412,398,314,207,150
320,389,395,344,196,166
326,363,393,305,173,206
330,337,398,264,192,347
337,303,408,206,299,460
343,283,427,178,328,410
339,277,435,291,281,395
344,273,449,443,288,378
348,284,461,577,297,364
358,285,461,508,256,272
374,298,457,490,268,273
377,307,446,525,240,243
372,303,436,515,268,222
366,316,431,474,259,223
357,325,425,345,279,200
347,338,417,566,263,189
341,339,409,556,248,169
330,360,408,528,261,140
325,385,407,512,232,119
321,413,411,510,241,93
325,447,418,489,231,90
326,458,419,476,260,72
324,457,412,436,214,71
317,435,404,439,233,70
314,411,399,395,250,123
319,394,396,399,212,132
326,378,396,375,205,120
326,360,397,327,212,255
327,333,401,330,245,325
333,308,415,306,317,429
336,302,434,346,278,476
345,287,448,427,345,493
346,294,464,496,300,434
363,291,469,712,417,344
364,299,463,597,379,364
358,302,449,568,442,369
356,302,436,645,374,291
354,306,430,417,350,303
354,316,425,425,335,288
355,323,420,448,353,251
352,327,420,479,340,211
345,342,414,460,329,223
337,355,409,426,316,162
333,377,410,414,326,121
329,409,413,409,299,97
328,443,416,395,333,78
326,467,419,398,308,88
320,467,417,392,314,147
312,437,405,391,303,169
303,411,400,344,262,194
305,394,399,351,283,235
312,372,397,288,275,203
318,346,396,310,230,212
327,325,399,262,209,249
335,304,407,223,216,191
342,292,419,317,238,226
344,287,430,346,237,200
347,281,444,709,281,199
350,279,450,521,331,248
357,277,453,492,325,226
359,284,450,466,415,235
359,291,446,471,365,291
362,299,437,448,332,232
351,304,426,405,368,214
344,316,423,484,316,183
336,326,416,517,291,154
333,340,410,516,317,134
327,365,412,512,340,116
327,400,415,487,314,94
328,431,421,480,359,81
326,455,423,485,329,99
325,460,423,435,292,107
320,445,414,440,266,114
315,421,406,407,223,120
313,401,400,381,191,120
315,380,397,365,168,113
319,361,395,295,182,121
324,340,396,301,186,168
328,318,401,269,177,139
336,296,415,333,204,196
338,289,428,391,199,227
342,276,439,471,250,225
341,281,448,498,275,259
346,282,454,531,211,223
353,284,455,529,249,245
353,296,446,464,218,195
350,299,437,544,228,239
347,300,432,472,241,249
338,307,420,445,266,215
336,319,418,459,274,210
333,323,411,438,255,217
329,344,410,423,269,230
327,364,407,409,293,202
325,394,414,430,305,163
329,432,421,421,283,137
329,449,425,430,298,130
326,460,428,396,259,123
326,451,422,412,228,131
326,435,416,389,193,112
326,410,407,389,211,149
328,378,402,369,249,153
326,348,401,252,243,225
328,320,407,225,271,209
333,297,415,148,289,237
336,281,427,209,265,209
340,273,440,234,233,175
342,274,445,338,271,161
349,270,448,435,272,152
354,267,448,495,280,172
353,282,438,491,241,289
351,288,428,343,294,272
337,294,417,563,264,261
342,306,413,498,302,217
336,320,407,511,291,181
334,332,405,497,311,157
332,346,404,493,336,138
331,372,409,531,340,127
334,403,414,537,313,113
337,423,420,529,311,92
339,438,425,457,262,78
337,446,428,464,313,66
331,439,422,393,266,67
327,424,418,407,257,60
325,400,413,342,285,53
322,382,409,358,303,44
317,360,402,277,290,86
318,343,404,144,277,163
322,322,408,209,278,219
328,300,420,349,278,240
337,284,435,439,275,251
348,272,447,543,265,228
349,274,443,570,268,215
360,273,458,675,290,183
370,276,456,549,279,177
369,284,444,532,355,190
364,288,428,464,316,163
343,296,421,420,287,139
347,308,414,417,250,133
341,313,406,411,275,118
335,331,406,415,277,112
332,359,408,422,236,120
330,388,411,402,237,106
331,433,420,423,254,111
336,454,427,422,265,112
334,468,427,423,279,110
330,453,418,371,265,83
323,430,411,384,269,73
320,411,404,319,308,67
322,392,401,316,322,65
323,370,399,256,376,76
324,346,395,287,479,107
329,332,400,227,449,108
332,311,412,222,404,218
336,298,432,332,425,305
341,294,445,677,514,260
341,296,453,593,568,236
342,303,469,540,660,249
342,300,460,377,657,286
338,303,450,404,498,269
339,305,443,516,452,245
341,307,438,491,424,273
345,308,430,457,366,247
349,317,426,443,349,225
347,328,418,429,281,247
344,337,417,436,322,251
338,341,409,461,321,236
327,371,415,429,301,244
324,410,419,430,302,249
326,456,429,479,326,218
328,478,429,454,270,177
328,482,424,491,242,148
322,454,410,471,219,127
317,425,399,391,197,113
316,402,395,390,175,130
317,375,392,268,162,133
313,341,392,267,221,193
317,302,400,209,270,203
326,287,416,310,237,216
329,282,431,323,217,241
339,274,438,478,202,282
350,268,447,545,240,216
357,275,449,430,242,183
359,286,442,433,225,264
363,280,438,497,285,335
361,288,431,623,249,294
354,295,428,558,349,324
348,302,413,538,317,326
339,306,407,454,402,319
335,327,407,439,388,285
328,357,405,446,376,249
325,393,417,479,370,207
328,417,424,524,357,194
330,448,432,425,367,199
332,451,429,402,341,191
330,438,421,364,294,187
325,414,414,381,235,179
326,400,411,359,223,236
326,376,405,353,219,283
327,346,403,320,252,292
327,315,407,330,229,319
332,290,415,326,255,308
344,279,425,378,259,320
349,261,434,411,216,286
348,266,444,543,256,262
353,264,447,565,300,229
358,265,444,520,271,213
360,275,438,439,300,230
355,282,432,438,271,217
357,290,421,416,244,181
350,297,417,423,264,186
340,308,412,418,264,155
338,317,402,416,319,193
337,333,407,400,405,197
333,359,412,407,383,202
330,386,417,422,359,206
329,416,423,462,379,192
332,442,427,452,329,172
335,454,427,400,309,149
329,448,418,413,252,126
322,425,409,370,258,128
321,410,403,377,228,116
321,386,398,376,196,101
317,361,397,303,196,171
319,332,401,299,230,150
324,306,407,148,252,284
335,275,425,206,240,234
337,272,442,196,237,225
338,260,446,324,236,232
345,269,456,431,255,235
357,269,451,603,353,233
364,280,449,529,333,280
367,289,440,530,289,225
370,294,425,485,227,193
360,305,427,444,277,157
353,308,411,373,300,141
348,316,413,501,306,119
341,324,408,603,369,105
334,343,407,580,314,111
327,376,410,550,329,100
328,407,419,524,294,90
328,437,427,530,277,98
330,458,429,506,309,92
329,462,423,456,295,71
322,436,413,414,224,58
320,410,405,387,222,64
321,398,400,405,241,118
322,382,397,327,242,108
314,357,396,329,254,150
318,332,403,296,226,179
327,311,409,348,265,160
333,298,421,430,236,154
338,288,437,511,272,204
346,283,443,488,304,255
354,280,452,462,263,288
358,278,453,458,320,331
362,276,446,457,323,318
364,281,443,411,314,277
365,293,432,373,312,275
363,299,426,363,293,241
358,309,418,367,294,196
349,321,413,392,323,167
342,327,409,413,276,124
334,359,409,405,304,92
335,375,410,409,266,73
337,394,421,432,325,70
337,432,424,471,332,62
342,451,423,456,297,62
337,452,418,427,291,57
326,431,409,401,283,48
318,407,400,398,291,43
312,385,394,335,253,65
306,370,393,327,207,61
311,350,394,273,204,83
316,328,397,217,189,126
324,306,408,192,242,134
330,296,421,314,215,152
338,285,434,266,245,136
338,284,446,365,303,163
342,283,447,430,296,232
349,277,445,561,290,174
359,287,448,473,325,224
356,296,446,443,319,201
361,305,433,495,361,171
359,308,429,415,368,156
354,314,417,298,383,126
350,316,418,503,373,109
341,326,405,491,367,107
335,336,405,496,316,91
332,360,411,501,315,82
328,381,415,475,317,74
325,407,422,522,290,63
324,434,428,490,271,58
327,444,429,499,303,46
327,438,424,403,245,44
325,418,415,427,242,42
326,403,412,343,239,39
329,389,409,301,186,81
329,368,408,168,173,132
334,336,401,273,166,155
334,313,412,343,150,168
337,296,421,471,157,174
348,284,431,564,276,199
346,282,436,603,242,168
353,277,450,525,258,155
356,276,445,486,259,208
355,280,440,560,236,172
356,282,434,436,243,196
355,290,428,430,233,163
350,293,414,420,294,179
345,299,413,415,320,159
343,313,405,411,303,136
338,327,406,417,301,118
338,353,411,403,373,99
338,373,413,420,382,84
339,401,419,452,389,76
337,428,423,454,344,62
340,446,425,444,340,56
336,452,424,391,339,86
333,438,416,409,295,72
329,420,411,343,283,60
324,395,406,368,278,95
317,372,403,270,244,124
317,345,401,262,195,142
325,315,406,231,214,153
337,285,414,280,212,153
342,272,432,284,237,176
344,271,436,349,225,177
349,267,450,519,237,228
356,267,444,432,284,217
360,272,446,423,276,217
359,285,433,440,276,223
344,296,432,436,369,216
357,302,419,307,340,189
351,309,416,297,317,161
344,325,421,235,296,135
335,332,410,578,312,112
333,356,411,555,335,85
329,380,413,505,355,81
327,410,421,570,325,75
326,441,425,544,320,60
323,450,424,534,251,50
321,448,420,454,235,62
321,432,414,456,242,57
321,413,408,398,225,55
324,396,405,409,214,104
326,376,400,355,196,139
324,347,398,310,208,170
328,323,403,143,203,204
335,299,417,281,256,230
345,287,429,304,267,336
352,261,442,364,283,314
351,269,452,488,320,301
362,272,456,519,335,260
364,278,448,499,311,233
367,288,439,526,272,207
361,304,432,445,315,212
361,313,423,404,383,193
347,320,414,316,426,173
343,326,407,560,350,144
338,339,404,554,387,124
330,359,404,532,351,119
329,388,411,492,408,90
327,416,417,501,365,85
324,456,429,486,317,78
325,467,429,465,258,76
322,467,424,453,245,80
317,445,415,432,223,79
318,418,408,431,194,91
321,397,405,413,219,94
324,379,402,351,188,147
320,350,400,287,197,168
328,323,404,285,185,162
335,311,415,371,181,179
342,296,419,417,218,148
345,288,428,499,250,155
346,283,432,252,316,230
353,278,440,312,302,207
361,279,442,369,314,235
366,294,443,439,318,190
370,301,436,487,290,153
369,319,430,388,345,141
363,323,423,349,411,127
363,328,428,494,407,143
357,333,422,500,421,159
348,336,416,495,379,160
333,357,415,515,387,147
322,381,413,472,346,146
315,406,420,452,366,145
309,449,426,480,378,131
308,465,426,477,360,100
309,457,417,471,341,85
306,437,407,421,331,75
305,417,400,420,304,113
313,400,397,386,334,120
318,381,394,360,275,151
325,354,391,276,358,223
334,329,398,127,332,220
340,314,407,197,337,321
349,298,412,459,285,326
358,288,430,539,307,331
357,284,432,476,271,271
367,286,445,619,273,302
370,288,445,523,319,246
374,295,448,514,355,296
375,304,445,503,325,338
376,306,439,506,320,326
369,310,430,468,336,243
358,312,421,429,334,236
354,328,424,409,338,278
345,324,413,390,319,265
337,339,418,393,300,234
327,347,410,392,274,218
320,367,411,410,292,216
320,391,411,420,332,193
321,401,415,432,260,201
321,412,415,421,219,204
317,421,417,407,250,267
318,409,412,410,239,246
320,390,399,381,201,218
318,370,398,387,200,225
321,356,396,369,169,188
326,347,397,368,157,160
327,340,396,373,188,182
331,333,395,353,175,154
333,329,397,355,181,176
335,329,396,333,177,166
337,330,397,343,154,147
339,331,398,367,176,146
343,339,402,409,175,108
342,344,398,421,152,97
342,352,401,448,136,90
340,361,403,480,121,70
351,365,477,506,104,62
362,572,629,561,133,77
357,334,425,456,129,72
338,333,385,402,118,59
330,343,377,377,100,44
325,346,379,372,129,36
321,351,400,377,123,28
313,365,443,380,132,30
311,365,441,381,200,30
312,360,414,376,153,35
316,362,409,417,116,39
319,359,408,435,105,36
321,356,411,468,121,38
322,352,415,440,100,44
325,348,415,435,80,50
331,354,424,416,110,60
329,343,416,420,95,65
336,339,413,389,89,64
338,343,408,398,74,67
336,337,410,375,63,69
340,336,414,407,59,68
341,332,416,394,67,74
340,338,419,406,58,76
338,340,416,401,64,78
336,345,415,385,62,74
334,345,414,387,54,69
333,347,412,355,53,69
334,352,416,387,50,72
334,351,415,378,49,62
335,308,381,381,50,59
346,492,529,414,49,69
336,353,442,425,53,79
346,357,418,441,55,85
348,362,418,421,55,87
346,353,415,446,59,91
347,351,417,435,59,95
346,351,417,463,64,101
343,348,416,461,69,109
341,346,418,474,71,113
338,343,417,474,79,117
338,344,418,475,77,121
338,346,417,533,78,130
338,347,417,528,76,132
337,347,415,499,75,131
337,346,415,460,72,129
338,345,417,426,79,131
339,347,421,406,83,128
338,347,419,389,88,129
335,345,413,391,95,135
335,343,413,394,96,139
335,343,417,405,94,138
339,344,417,396,100,131
339,345,418,401,106,120
339,344,415,378,115,111
340,344,416,393,126,107
343,346,421,369,134,93
343,345,418,394,143,71
338,345,415,367,151,71
337,344,416,399,161,75
337,345,418,382,173,78
336,344,418,428,186,81
336,344,419,400,198,84
335,345,417,423,208,89
332,347,418,387,214,90
331,347,417,417,225,100
329,348,416,393,232,116
328,350,419,434,240,151
326,353,419,415,251,178
325,353,416,440,263,235
325,356,416,433,286,310
323,356,412,443,307,418
322,353,409,460,324,520
322,351,408,448,341,574
322,347,410,471,347,600
325,345,413,440,354,659
324,346,418,460,362,689
326,350,424,438,370,703
328,352,421,453,371,697
327,351,414,434,374,833
326,351,412,447,382,981
325,351,412,457,383,982
325,349,414,435,387,982
323,350,414,448,385,980
322,348,415,427,386,981
323,349,416,464,384,980
324,350,414,427,378,981
324,349,413,433,371,982
325,348,414,425,366,981
326,348,416,425,357,981
327,348,417,444,349,951
327,349,417,419,343,900
325,347,416,438,342,850
324,349,414,401,340,802
323,348,413,417,337,757
322,346,413,398,333,721
323,347,415,396,329,687
324,348,417,397,328,655
324,349,417,383,329,635
325,350,416,406,329,628
326,348,415,377,326,613
327,347,415,406,321,593
